"gene","avg_logFC","avg(logUMI)_cluster_Mac2_pos_ctrl","avg(logUMI)_cluster_1","p_val","p_val_adj","cluster"
"S100a8",4.57809329155045,0.576360099048614,0.181752804390515,1.7961314888429e-11,2.18158130634859e-07,"Mac2_pos_ctrl"
"Cd74",3.98987285852538,4.22669911825494,0.336818785277694,5.56077529970349e-48,6.75411767901986e-44,"Mac2_pos_ctrl"
"H2-Ab1",3.62525419680408,3.16338113691378,0.269924833654677,1.67384402400074e-42,2.03305095155129e-38,"Mac2_pos_ctrl"
"H2-Aa",3.57936311253216,3.10540024228008,0.19574799798864,2.73813485366354e-40,3.32573859325974e-36,"Mac2_pos_ctrl"
"Ngp",3.4976503842082,0.455353946742377,0.028954399244326,1.42550218041263e-05,0.173141494832918,"Mac2_pos_ctrl"
"H2-Eb1",3.44949907252584,2.90107220359463,0.148794620142542,4.39849644526047e-35,5.34241378241337e-31,"Mac2_pos_ctrl"
"Plac8",2.86247507605639,1.53808731588285,0.0286405209340763,1.22144975975812e-24,1.48357287820221e-20,"Mac2_pos_ctrl"
"Lyz2",2.77140427059938,3.76814091454438,1.30919893905362,1.93467919550149e-36,2.34986135085611e-32,"Mac2_pos_ctrl"
"Ifitm3",2.72110492002528,2.82620345654227,0.243477507593314,5.12833398074075e-38,6.22887445300771e-34,"Mac2_pos_ctrl"
"Lgals3",2.71692564124428,2.88207882332284,0.0800368077384622,3.69338542196749e-61,4.48598593352172e-57,"Mac2_pos_ctrl"
"Retnla",2.68713825547133,0.38141395697026,0.0121795273739615,8.93934683343965e-05,1,"Mac2_pos_ctrl"
"Crip1",2.67012910727618,2.8723180217259,0.217335660806075,1.99469169029838e-40,2.42275252703641e-36,"Mac2_pos_ctrl"
"Il1b",2.57435515647565,1.78997871815954,0.0997489635649504,5.01399990734815e-25,6.09000428746507e-21,"Mac2_pos_ctrl"
"S100a6",2.56115753877109,2.4526915836463,0.0969367232446718,1.78120130911283e-44,2.16344711004844e-40,"Mac2_pos_ctrl"
"Tmsb10",2.28347346465903,3.13296507657568,0.720523181277287,1.58076087157065e-56,1.91999215460971e-52,"Mac2_pos_ctrl"
"S100a11",2.26233577469098,1.94056841334621,0.101406653799394,1.38133928352241e-35,1.67777469376632e-31,"Mac2_pos_ctrl"
"Fxyd5",2.24845881826975,2.35165516350814,0.111172844772074,3.9667620686457e-50,4.81802920857707e-46,"Mac2_pos_ctrl"
"Vim",2.0975751031081,2.06125451520554,0.119831201725261,2.02326449893769e-38,2.45745706040972e-34,"Mac2_pos_ctrl"
"Wfdc17",2.04953696068999,1.65574431169866,0.0823635465679262,2.85328427344973e-29,3.46559907853204e-25,"Mac2_pos_ctrl"
"Lsp1",2.02843382782814,2.38532332383413,0.312973565215588,9.45781516185117e-50,1.14874622955844e-45,"Mac2_pos_ctrl"
"Mgl2",2.02270736666629,1.08794141848004,0.0268881434575202,2.51039971909922e-20,3.04913149881791e-16,"Mac2_pos_ctrl"
"Chil3",2.00296151215965,0.698272358187141,0.00757458678695654,2.30205862353812e-12,2.7960804041494e-08,"Mac2_pos_ctrl"
"Ifitm6",1.94898961315446,1.06175477434505,0.00982076887173762,6.03761192524526e-27,7.3332834444029e-23,"Mac2_pos_ctrl"
"Ifitm2",1.93261995241433,1.84557285568,0.106836767485282,1.45483634266132e-43,1.76704422179644e-39,"Mac2_pos_ctrl"
"S100a4",1.92039294391645,1.58304060737511,0.0380635451853451,2.98145607519557e-39,3.62127654893254e-35,"Mac2_pos_ctrl"
"Cd209a",1.91870713049758,1.14336202448543,0.0214631776093599,1.05332522299792e-24,1.27936881585327e-20,"Mac2_pos_ctrl"
"Napsa",1.91740859061631,1.61335700023926,0.0155408780695749,7.11978620989388e-49,8.64769233053711e-45,"Mac2_pos_ctrl"
"Ifi27l2a",1.90787067053339,1.44465913922141,0.15930055942822,3.72977124309951e-19,4.53018015186866e-15,"Mac2_pos_ctrl"
"Msrb1",1.86102046688491,1.43251403259216,0.155815133434778,3.81378509116085e-22,4.63222337172397e-18,"Mac2_pos_ctrl"
"Cd52",1.8583116560947,3.03331383230913,0.80585018454551,5.38299903007723e-55,6.5381906219318e-51,"Mac2_pos_ctrl"
"Anxa1",1.72768396109647,1.19158840143311,0.0249933976834521,3.03309243577498e-34,3.6839940724923e-30,"Mac2_pos_ctrl"
"Lgals1",1.71892170861416,1.59587234537111,0.111442657961109,2.08158862550914e-29,2.5282975445434e-25,"Mac2_pos_ctrl"
"Plbd1",1.70928211470358,1.43798395096832,0.0134586809308315,2.18337880018765e-50,2.65193189070792e-46,"Mac2_pos_ctrl"
"Slpi",1.70612076615421,0.523927952679613,0.0144967788655109,2.53035157645261e-09,3.07336502475934e-05,"Mac2_pos_ctrl"
"Anxa2",1.68929887464333,1.55321318838135,0.0893218641095777,2.74276283724965e-34,3.33135974212343e-30,"Mac2_pos_ctrl"
"Pim1",1.65331511089441,1.40684415912323,0.0687941312965211,9.9908720180191e-35,1.2134913153086e-30,"Mac2_pos_ctrl"
"Pglyrp1",1.62484565093404,0.723743009420949,0.0295014235332774,4.10786924276099e-12,4.9894179822575e-08,"Mac2_pos_ctrl"
"Tnip3",1.61447800563283,0.877152596858163,0.0115767119515437,3.57899167685588e-22,4.34704329070915e-18,"Mac2_pos_ctrl"
"S100a10",1.6038930224082,1.40415282017665,0.115208820828316,6.28075176546482e-27,7.62860109433357e-23,"Mac2_pos_ctrl"
"Ms4a6c",1.60231294214443,1.62642473795356,0.224687788267453,5.13879766022907e-26,6.24158363811423e-22,"Mac2_pos_ctrl"
"Cybb",1.59084947843418,1.3423799195702,0.0286510080296657,8.35127744366685e-42,1.01434615830778e-37,"Mac2_pos_ctrl"
"Dusp1",1.56918491476343,2.05342418093011,0.425823952705677,5.09725330794852e-20,6.19112386783427e-16,"Mac2_pos_ctrl"
"Ly6c2",1.55365450033641,0.752886251354333,0.00320271816143679,6.53308555510102e-19,7.9350857152257e-15,"Mac2_pos_ctrl"
"Hp",1.53535871932717,0.653084261816319,0.0145147522361514,3.73423842026514e-13,4.53560598525404e-09,"Mac2_pos_ctrl"
"Ear2",1.46488925297542,0.750087674652862,0.00701525218692326,1.15822706829408e-19,1.40678259714999e-15,"Mac2_pos_ctrl"
"Nr4a1",1.45307191835733,1.32811139557255,0.169837392345515,2.18319690120076e-19,2.65171095619844e-15,"Mac2_pos_ctrl"
"Emp3",1.44848648976622,1.706768380016,0.223861030122068,4.09400371517472e-31,4.97257691245122e-27,"Mac2_pos_ctrl"
"Ms4a4c",1.43205125566966,0.93624727065076,0.0176516348206588,3.87126774343238e-27,4.70204180117297e-23,"Mac2_pos_ctrl"
"Cdkn1a",1.41752341473304,1.25636992641058,0.100384106688523,8.92277420224518e-25,1.0837601546047e-20,"Mac2_pos_ctrl"
"Cxcl2",1.41283898479151,0.518831440772912,0.0521162424318543,1.54756367815331e-06,0.0187967084348501,"Mac2_pos_ctrl"
"Srgn",1.40378966715368,2.38955216809261,0.782805485143688,7.50400193756989e-34,9.11436075337239e-30,"Mac2_pos_ctrl"
"Mmp12",1.37647557710418,0.401841428434119,0.00498175779650085,5.53041676649261e-08,0.000671724420458193,"Mac2_pos_ctrl"
"Gpx1",1.37493633080862,2.51674479953458,0.929770418191552,3.6940767340454e-33,4.48682560117155e-29,"Mac2_pos_ctrl"
"Ccr2",1.36650929976603,1.10050517064415,0.0362095438960256,3.40662173328998e-32,4.13768275725401e-28,"Mac2_pos_ctrl"
"G0s2",1.3305002662487,0.29962167305624,0.0248631623185788,0.000179650976360853,1,"Mac2_pos_ctrl"
"Cytip",1.31381838066771,0.974472981114485,0.0135394585588921,4.25122728274918e-34,5.16354065762715e-30,"Mac2_pos_ctrl"
"Ccl6",1.31361404891854,1.60714800342472,0.61901564632517,3.72335996977659e-10,4.52239301929065e-06,"Mac2_pos_ctrl"
"Actg1",1.30066563444338,3.6731353932814,2.29558497374427,3.19957868370747e-39,3.8862082692311e-35,"Mac2_pos_ctrl"
"Itgb7",1.29626257240212,0.963670504338968,0.00512480412368213,2.25162559342214e-36,2.73482444577054e-32,"Mac2_pos_ctrl"
"Tagln2",1.28094460818453,1.41379529780918,0.270038301457285,5.39564448002539e-19,6.55354978543883e-15,"Mac2_pos_ctrl"
"Fos",1.27692531305887,2.01656824596591,0.642736645624634,3.39884253268114e-13,4.12823414019451e-09,"Mac2_pos_ctrl"
"Emb",1.26642787372082,1.0834924503174,0.0267782312650872,4.67208901351452e-38,5.67471931581473e-34,"Mac2_pos_ctrl"
"Ccl2",1.24383094000788,0.679952184226969,0.0970899905046398,1.98458189972692e-06,0.0241047317540832,"Mac2_pos_ctrl"
"Cfp",1.22127037616339,0.869697002791215,0.0182480657130932,5.76126946319009e-28,6.99763788999068e-24,"Mac2_pos_ctrl"
"Slfn2",1.21472107967844,1.10410294791407,0.107107516547827,5.78628648522104e-24,7.02802356494947e-20,"Mac2_pos_ctrl"
"Metrnl",1.21128870788175,0.945596548734377,0.032536941108951,3.43595589739611e-31,4.17331203297731e-27,"Mac2_pos_ctrl"
"H2-D1",1.19923427005926,3.21741714323517,1.69879104944531,1.86760729487311e-26,2.26839582035288e-22,"Mac2_pos_ctrl"
"Atf3",1.19441922533051,1.37678957411897,0.396655402504569,1.71393580603963e-09,2.08174643001574e-05,"Mac2_pos_ctrl"
"Bcl2a1d",1.16810572269294,0.851202178958677,0.0647655137937165,1.47441994792595e-20,1.79083046875086e-16,"Mac2_pos_ctrl"
"Ier2",1.16406988584531,1.48406216246512,0.349452746440875,4.32212155263557e-18,5.24964883783116e-14,"Mac2_pos_ctrl"
"Cyp4f18",1.15303147351664,0.691908173510316,0.0122101730905346,2.36921951740619e-22,2.87765402584156e-18,"Mac2_pos_ctrl"
"Mcemp1",1.14841263330328,0.783889313589094,0.0151541498106628,7.27958694007104e-25,8.84178629741028e-21,"Mac2_pos_ctrl"
"Capg",1.13991861629314,1.26260809517934,0.207513555200111,5.09743548886942e-19,6.1913451447808e-15,"Mac2_pos_ctrl"
"Smpdl3a",1.13285320167776,1.11604551574441,0.183520950821009,2.63397803529995e-17,3.19922972167531e-13,"Mac2_pos_ctrl"
"Ahnak",1.13056028016477,0.9480616651038,0.0309111045177125,2.87803930854232e-34,3.4956665441555e-30,"Mac2_pos_ctrl"
"H2-DMb1",1.11644415901884,1.74229379970723,0.803778236980227,7.80744824877625e-21,9.48292664296363e-17,"Mac2_pos_ctrl"
"Mrpl33",1.11316500985117,1.53505747640325,0.359354406588574,3.17285691321617e-23,3.85375200679236e-19,"Mac2_pos_ctrl"
"Thbs1",1.1088837647311,0.483795231428142,0.00691451910652233,5.66613181629452e-12,6.88208370407132e-08,"Mac2_pos_ctrl"
"Clec12a",1.1038370426764,0.942241189434971,0.0210990462339215,2.16175503260776e-37,2.62566766260539e-33,"Mac2_pos_ctrl"
"Iqgap1",1.1000747382279,0.97221673846987,0.0547931547613907,2.80013127828014e-30,3.40103945059905e-26,"Mac2_pos_ctrl"
"Mgst1",1.07907850499654,0.663748049123484,0.0708247469125628,2.91696203256406e-09,3.5429420847523e-05,"Mac2_pos_ctrl"
"Plaur",1.06732042387567,0.829964754232228,0.091629215418898,2.93011448283391e-14,3.55891705085007e-10,"Mac2_pos_ctrl"
"Samhd1",1.06206198719021,1.02123386578748,0.188210341250061,3.53352461060688e-17,4.29181899204311e-13,"Mac2_pos_ctrl"
"Sub1",1.06137136564369,2.1526989345229,0.901923938153609,2.05964092257348e-22,2.50163986455775e-18,"Mac2_pos_ctrl"
"Tgfbi",1.05767739397024,0.986873684387596,0.14159389364728,1.2878615260964e-16,1.56423660959669e-12,"Mac2_pos_ctrl"
"Osm",1.04723826483617,0.699065804529176,0.226569878147565,0.00020406942959612,1,"Mac2_pos_ctrl"
"AB124611",1.04265339268865,0.820258673269326,0.0267160041383983,6.17757215697198e-28,7.50327914185817e-24,"Mac2_pos_ctrl"
"Pmaip1",1.03342304910819,0.77665263492593,0.057124520799743,2.18751169293756e-19,2.65695170224196e-15,"Mac2_pos_ctrl"
"H3f3a",1.02358236403256,2.6415218256672,1.41649025093853,1.38500611420871e-23,1.6822284263179e-19,"Mac2_pos_ctrl"
"AA467197",1.01944364169171,0.440129465234983,0.00574751686724149,2.08804373927146e-11,2.53613792571912e-07,"Mac2_pos_ctrl"
"Plp2",1.01625341039,0.762796274846207,0.0209176890374488,3.13068816571928e-24,3.80253384608264e-20,"Mac2_pos_ctrl"
"Hmgb2",1.01484140901422,1.21180226407943,0.319342855667207,3.59391955387102e-12,4.36517469013174e-08,"Mac2_pos_ctrl"
"Anxa5",1.01267292600262,1.36148316061677,0.289044694847072,1.99583193410279e-21,2.42413746716125e-17,"Mac2_pos_ctrl"
"Cebpb",1.01140025759023,2.07905069763093,1.39559869357644,0.000143202313940793,1,"Mac2_pos_ctrl"
"Stap1",0.980948479897377,0.729092872221609,0.0151460262748854,1.68803263120553e-28,2.05028443386223e-24,"Mac2_pos_ctrl"
"Tpm4",0.979836201371558,1.087309129956,0.171603362522,6.71650910429816e-20,8.15787195808055e-16,"Mac2_pos_ctrl"
"Rpsa",0.977553750413455,2.73629392041198,1.559186229537,6.95645893364903e-23,8.44931502081011e-19,"Mac2_pos_ctrl"
"Rps5",0.967517197826083,3.53546793031252,2.47427439998199,4.8518408411121e-22,5.89304588561476e-18,"Mac2_pos_ctrl"
"Prdx5",0.95847513783622,1.69353399130011,0.867191962217953,7.72541414106014e-09,9.38328801573165e-05,"Mac2_pos_ctrl"
"Cd44",0.955334413800379,0.707002369658544,0.00968354988500808,2.1448628271347e-31,2.60515038983781e-27,"Mac2_pos_ctrl"
"Sh3bgrl3",0.952572183078592,2.96811796325754,1.74027290032544,5.83642776607002e-27,7.08892516466865e-23,"Mac2_pos_ctrl"
"Ifrd1",0.951473928652131,0.762121388623405,0.110831163717696,3.12219327555988e-14,3.79221595249503e-10,"Mac2_pos_ctrl"
"Glipr1",0.948334691333531,0.830649125650679,0.0751597845762181,5.11511879642133e-22,6.21282329013334e-18,"Mac2_pos_ctrl"
"Taldo1",0.934070258558104,1.84596238842976,0.8197101275615,9.20598269760372e-14,1.11815865845095e-09,"Mac2_pos_ctrl"
"Mmp8",0.928431743727974,0.251551814757929,0.00133428612330326,3.93793755679818e-06,0.0478301895648707,"Mac2_pos_ctrl"
"Calm1",0.925528297628669,2.45381170622695,1.19726991826561,3.53464256762724e-17,4.29317686264005e-13,"Mac2_pos_ctrl"
"Apoe",0.923479518690231,2.00377900398992,1.15919017486169,0.00346497720990418,1,"Mac2_pos_ctrl"
"Cnn2",0.922793592001651,0.842258004455728,0.101698187760008,2.70903136154038e-17,3.29038949172695e-13,"Mac2_pos_ctrl"
"Lilrb4a",0.921290996680499,0.71508574762575,0.0252593848968193,7.56950263779766e-24,9.19391790386904e-20,"Mac2_pos_ctrl"
"Coro1a",0.918315549368068,2.63572184030884,1.50397743025915,3.03374462344183e-19,3.68478621963245e-15,"Mac2_pos_ctrl"
"H2afj",0.917734351296925,1.32682481960693,0.305959032274912,4.61079972764274e-22,5.60027734919488e-18,"Mac2_pos_ctrl"
"Nfkbiz",0.91679661104751,0.690880219897203,0.0819832136913316,2.73435449883703e-13,3.32114697428746e-09,"Mac2_pos_ctrl"
"H2-DMa",0.909384351858287,1.91296635186515,1.05737672547338,6.14139018002344e-14,7.45933251265647e-10,"Mac2_pos_ctrl"
"Gsr",0.899930982547407,0.780571284753119,0.126791368259509,4.94869130249843e-12,6.01068045601459e-08,"Mac2_pos_ctrl"
"Shfm1",0.890897468472701,2.04014569674845,0.94520689326236,2.91602167519466e-16,3.54179992669143e-12,"Mac2_pos_ctrl"
"Rplp0",0.882170329290257,3.59880283393911,2.69694854097447,1.44226363874018e-19,1.75177341561382e-15,"Mac2_pos_ctrl"
"Sh3bgrl",0.879096134364903,0.816205372600719,0.060211513571931,1.03401623449269e-29,1.25591611841483e-25,"Mac2_pos_ctrl"
"Rps18",0.878786324568939,3.5171882603046,2.60439073534417,4.68892310668533e-19,5.69516600538e-15,"Mac2_pos_ctrl"
"Ifi203",0.8727343821726,0.592604221340816,0.0160520401174154,4.41030017726083e-20,5.35675059530101e-16,"Mac2_pos_ctrl"
"Rnase6",0.862687276134564,0.858938679633705,0.124782852677688,1.45155267647269e-17,1.76305588084374e-13,"Mac2_pos_ctrl"
"Pitpna",0.860173705814134,1.12034846265844,0.266719477705854,6.23950420783102e-17,7.57850181083155e-13,"Mac2_pos_ctrl"
"Rps19",0.859883478916483,3.560819741085,2.6948099960866,8.32792505242909e-21,1.01150977686804e-16,"Mac2_pos_ctrl"
"Bhlhe40",0.858261529920556,0.586157258049383,0.0153017138971578,3.98973114274927e-20,4.84592744598326e-16,"Mac2_pos_ctrl"
"Hdc",0.853920354051011,0.303951129090941,0.0245979375012073,1.4478713854796e-05,0.175858458480353,"Mac2_pos_ctrl"
"Isg15",0.852944098272214,0.516767673856377,0.0530491530433571,1.83678779904812e-10,2.23096246072384e-06,"Mac2_pos_ctrl"
"Sirpb1c",0.850478496370063,0.498213977803617,0.0142440484508785,2.97644421660255e-14,3.61518914548546e-10,"Mac2_pos_ctrl"
"Marcksl1",0.849513740940802,0.737138554754161,0.17837868552009,6.84886180081566e-09,8.3186275432707e-05,"Mac2_pos_ctrl"
"Actr3",0.845805309360676,1.90780131233419,0.883777555355001,8.74966729203047e-15,1.06273458929002e-10,"Mac2_pos_ctrl"
"Cd83",0.838365456949753,1.27143147214602,0.598032954565799,8.17165976837621e-06,0.0992529795466975,"Mac2_pos_ctrl"
"Tspo",0.836973529170754,1.51380212366699,0.489889293949361,8.38426456273493e-16,1.01835277378978e-11,"Mac2_pos_ctrl"
"H2-DMb2",0.832330786163792,0.466426028602074,0.0488120905155069,6.74919493183542e-08,0.00081975721642073,"Mac2_pos_ctrl"
"Cd177",0.831521344213395,0.312460648978134,0.000982772980758324,7.74338160676098e-09,9.40511129957189e-05,"Mac2_pos_ctrl"
"Pirb",0.823325774904897,0.707146189944107,0.0857204005099184,3.46298354138571e-16,4.20613980936708e-12,"Mac2_pos_ctrl"
"Klrd1",0.823167670535757,0.511508039710392,0.0327453275126745,2.93156806249665e-11,3.56068256870844e-07,"Mac2_pos_ctrl"
"Aldh2",0.813183680165055,1.05152310995214,0.261612975279531,7.53402852831654e-17,9.15083105049327e-13,"Mac2_pos_ctrl"
"Unc119",0.809000743083801,0.570916145897554,0.0163039410393394,1.81585896849985e-20,2.20554230313992e-16,"Mac2_pos_ctrl"
"Nfkbia",0.807694204926028,1.95635435846649,1.11372443998925,6.52909199427849e-05,0.793023513625065,"Mac2_pos_ctrl"
"Adgre5",0.804914478892561,0.61263376629512,0.0277607387799595,6.76912819362264e-20,8.22178310397405e-16,"Mac2_pos_ctrl"
"Ccdc109b",0.803057536594587,0.662436381857438,0.0185505465298512,9.30388219558155e-28,1.13004953147534e-23,"Mac2_pos_ctrl"
"Gm2a",0.802477033613776,1.34471894341518,0.64374452298684,3.68768644481343e-07,0.00447906395587039,"Mac2_pos_ctrl"
"Rac2",0.801568453236191,1.59800235378244,0.64514729211868,1.10295607338626e-15,1.33965044673496e-11,"Mac2_pos_ctrl"
"Gm42418",0.800532854125774,0.797672188167596,0.319665757481341,0.0010618875266221,1,"Mac2_pos_ctrl"
"Zfand5",0.798969243006231,1.25313880372806,0.627382020294808,5.71080910843232e-06,0.069363487431019,"Mac2_pos_ctrl"
"Rpl32",0.795666280186353,3.68853196655123,2.77714642835962,1.65478740029387e-16,2.00990477639693e-12,"Mac2_pos_ctrl"
"Adssl1",0.781302946269059,0.655639634781157,0.0781189178820491,1.30958881727113e-16,1.59062657745751e-12,"Mac2_pos_ctrl"
"Ltb4r1",0.780610854974331,0.548645913118876,0.00558115407516139,5.32129358870612e-25,6.46324319284245e-21,"Mac2_pos_ctrl"
"Txn1",0.77478753106471,1.12578508099569,0.368654056817811,9.17381923780789e-15,1.11425208462415e-10,"Mac2_pos_ctrl"
"Zyx",0.770790382905573,0.880657012930123,0.183821700795749,5.45138585490767e-13,6.62125325937085e-09,"Mac2_pos_ctrl"
"Gm8730",0.768254782594548,1.60810597964199,0.662889731651417,1.02268017455152e-11,1.24214734001028e-07,"Mac2_pos_ctrl"
"Clec4e",0.76745666463262,0.353960003875883,0.00716039930446986,3.19101982059941e-09,3.87581267410005e-05,"Mac2_pos_ctrl"
"Rpl28",0.767244132838037,2.74622521745005,1.89394029794641,9.05052261189381e-15,1.09927647644062e-10,"Mac2_pos_ctrl"
"Hmox1",0.756177556938817,0.459580607363868,0.207229243203126,0.0464918675754709,1,"Mac2_pos_ctrl"
"Ifi204",0.753952149048046,0.47002046347082,0.0436765888844695,1.70557234467081e-09,2.07158816983716e-05,"Mac2_pos_ctrl"
"Klra2",0.749199900266893,0.461943076344557,0.00931556386583441,8.28025816115553e-17,1.00572015625395e-12,"Mac2_pos_ctrl"
"Rpl36",0.746923569173599,2.98216158927031,2.16512977430005,1.34572304351031e-16,1.63451520864762e-12,"Mac2_pos_ctrl"
"Rps7",0.746873285391717,3.30214510603895,2.49173150129324,1.92167284927683e-15,2.33406384273164e-11,"Mac2_pos_ctrl"
"Clec4a1",0.745426708961829,0.514238281487742,0.0312380915765897,5.73007116347063e-14,6.95974443515142e-10,"Mac2_pos_ctrl"
"Prr13",0.743494080448948,1.24849592850923,0.539432850214932,1.32512810998142e-08,0.000160950060238343,"Mac2_pos_ctrl"
"Rps16",0.743066306545842,3.37613222737456,2.5922179605307,1.34728920065143e-15,1.63641746311123e-11,"Mac2_pos_ctrl"
"H2afz",0.740355783155907,2.15397644631724,1.26384034779539,2.40579250990437e-10,2.92207558252985e-06,"Mac2_pos_ctrl"
"Plin2",0.738770072114042,0.716114351952156,0.153590637581875,1.88881779466299e-12,2.29415809339767e-08,"Mac2_pos_ctrl"
"Myo1g",0.738507507738459,0.626596938788988,0.0787701834068565,1.36304741936487e-14,1.65555739556057e-10,"Mac2_pos_ctrl"
"Tnfsf9",0.736589060765004,0.362357867035913,0.018707265930644,1.13850257097942e-08,0.00013828252227116,"Mac2_pos_ctrl"
"Arhgdib",0.735210173647072,1.93467339966144,1.08544572197962,6.27800900218943e-10,7.62526973405928e-06,"Mac2_pos_ctrl"
"Ybx1",0.733097670697079,2.03914710225254,1.13038414705437,3.36059129195714e-11,4.08177418321114e-07,"Mac2_pos_ctrl"
"Gm9733",0.729279723474832,0.325026645084619,0.00173662077998468,4.89579138431271e-11,5.94642821538621e-07,"Mac2_pos_ctrl"
"Rpl35",0.721281259236234,3.1972144261926,2.36515451356316,1.62095005310191e-14,1.96880593449758e-10,"Mac2_pos_ctrl"
"Mndal",0.720411720820532,0.503484644448645,0.0147726594874829,1.19322492099394e-20,1.44929098903924e-16,"Mac2_pos_ctrl"
"Myl6",0.720407087018749,2.26603498953068,1.21507501716645,5.24950656751364e-14,6.37605067690207e-10,"Mac2_pos_ctrl"
"Clec4b1",0.719374267404046,0.490257647787523,0.0081211378836824,1.07013748502181e-18,1.29978898930749e-14,"Mac2_pos_ctrl"
"Agpat4",0.717902674861427,0.564924461248381,0.0408265652013242,4.57163128209459e-18,5.55270335523209e-14,"Mac2_pos_ctrl"
"Arpc5",0.715605361843044,1.68651378428475,0.793478535007307,1.11393560390639e-12,1.3529861845047e-08,"Mac2_pos_ctrl"
"Fgr",0.710713447502053,0.496720140612931,0.0227365125380708,1.32037954019148e-15,1.60373298951657e-11,"Mac2_pos_ctrl"
"Atox1",0.710620593669922,1.98553614685933,1.0415766843975,3.18791562088389e-11,3.87204231312557e-07,"Mac2_pos_ctrl"
"Rps14",0.70981191338006,3.77285457890392,3.00435706438493,1.80790719099961e-15,2.19588407418812e-11,"Mac2_pos_ctrl"
"Tlr2",0.709687472750579,1.03386796346567,0.396905161819166,1.7284392001133e-07,0.00209936225245761,"Mac2_pos_ctrl"
"H2-K1",0.709237838054756,2.12789798322119,1.17709032285076,2.75700860365122e-10,3.34866264999478e-06,"Mac2_pos_ctrl"
"Arpc1b",0.707902094356127,2.53847358829884,1.58851292492383,1.75172892272105e-15,2.12764994953699e-11,"Mac2_pos_ctrl"
"Psma7",0.706696013909786,1.62070184292032,0.727855221004268,1.96856977729768e-11,2.39102485150576e-07,"Mac2_pos_ctrl"
"Avpi1",0.696498814877116,0.551860444718992,0.0448533051657399,3.15962231209413e-20,3.83767726026953e-16,"Mac2_pos_ctrl"
"Irf7",0.691661337219083,0.412810875733353,0.0455386136979401,4.69364041065306e-08,0.000570089564277921,"Mac2_pos_ctrl"
"Alox5ap",0.690021469524983,2.20139261428775,1.29516539605626,1.10709314927936e-10,1.34467533911471e-06,"Mac2_pos_ctrl"
"Rpl18",0.689722692994487,2.89652938310992,2.05129086475114,5.44938379206246e-14,6.61882155383906e-10,"Mac2_pos_ctrl"
"Rps11",0.687184742584602,3.53854219274744,2.85505785441371,4.47516263779119e-13,5.43553253986118e-09,"Mac2_pos_ctrl"
"Sec61b",0.685065011046607,1.52104826595333,0.679165319981578,5.23817499617033e-11,6.36228735034849e-07,"Mac2_pos_ctrl"
"H2afy",0.68480846079355,1.17973424821603,0.465690345350661,9.89427685203307e-10,1.20175886644794e-05,"Mac2_pos_ctrl"
"Eno3",0.68284678710434,0.314186106853696,0.0677410340187235,0.00187711134913421,1,"Mac2_pos_ctrl"
"Rps27",0.682135850197244,3.95390837227831,3.261443100999,1.75310571100685e-14,2.12932219658892e-10,"Mac2_pos_ctrl"
"Dusp5",0.678860192526529,0.478007686676279,0.0170792370319315,1.4726207971494e-17,1.78864522021766e-13,"Mac2_pos_ctrl"
"Gmfg",0.676997238964098,1.2179972765737,0.495240592896247,1.2781272504202e-12,1.55241335836037e-08,"Mac2_pos_ctrl"
"Cdk2ap2",0.676043778032686,1.17988352557036,0.48101398731928,4.22029498424459e-10,5.12597028786348e-06,"Mac2_pos_ctrl"
"Pfn1",0.675706328980653,3.16207319665635,2.33622888697103,8.18069446528465e-16,9.93627149753474e-12,"Mac2_pos_ctrl"
"Rpl19",0.675261222202084,3.34676471159075,2.56173244521667,3.16776834237424e-15,3.84757142864776e-11,"Mac2_pos_ctrl"
"Ezr",0.674267996235749,0.540481630396962,0.0414278776970645,1.95492521215798e-15,2.37445216268708e-11,"Mac2_pos_ctrl"
"Lmnb1",0.673461143452435,0.389988135054449,0.0227306640009337,3.49265370536537e-10,4.24217719053678e-06,"Mac2_pos_ctrl"
"Rpl41",0.673422012432491,3.77166023669635,3.00946188342875,9.51601989990311e-14,1.15581577704223e-09,"Mac2_pos_ctrl"
"Ucp2",0.673098767258475,1.68179268707699,0.761319711606138,2.12048936434673e-13,2.57554638193554e-09,"Mac2_pos_ctrl"
"Tpt1",0.672932436955457,3.30499042868965,2.52433842529475,6.00523332193913e-13,7.29395639282726e-09,"Mac2_pos_ctrl"
"Gnb2l1",0.670443006600026,2.0245176810737,1.21265420353738,1.37827171065043e-10,1.67404881975602e-06,"Mac2_pos_ctrl"
"Rps26",0.670356042989277,2.41000359866556,1.54205065628902,1.13077528148211e-11,1.37343965688817e-07,"Mac2_pos_ctrl"
"Il1r2",0.669479277623749,0.356340456808457,0.00829994704804034,3.12509930013802e-12,3.79574560994763e-08,"Mac2_pos_ctrl"
"Rps8",0.667421212090252,3.25314136053463,2.50411133847917,1.32866775545347e-13,1.61379985577378e-09,"Mac2_pos_ctrl"
"Rpl38",0.666890991280994,3.15145891472253,2.32309114999785,8.35696807184559e-14,1.01503734200636e-09,"Mac2_pos_ctrl"
"Ptprc",0.666773857302207,1.21943749807317,0.476981384176826,1.28588703227323e-13,1.56183838939906e-09,"Mac2_pos_ctrl"
"Ptma",0.66488360999724,2.68297615162254,1.92694232194239,8.37565871061486e-11,1.01730750699128e-06,"Mac2_pos_ctrl"
"Mcl1",0.661130163399702,1.12837801285869,0.378108356088615,1.52338612042122e-12,1.85030478186362e-08,"Mac2_pos_ctrl"
"Glud1",0.658957971206987,1.05748359145067,0.349037203145727,5.11431216076999e-12,6.21184355047123e-08,"Mac2_pos_ctrl"
"Gpr132",0.658855928323187,0.439245289791011,0.00592682073245686,3.7991831246456e-20,4.61448782319454e-16,"Mac2_pos_ctrl"
"Lilr4b",0.658754824557259,0.328328725189896,0.00712379666957785,1.13214015277765e-11,1.37509742956374e-07,"Mac2_pos_ctrl"
"Il2rg",0.65830569782305,0.460354995451097,0.0190721007475917,1.08258395240611e-16,1.31490646859246e-12,"Mac2_pos_ctrl"
"Csrnp1",0.656438299957624,0.521629709441837,0.0618984431492687,2.61480263155302e-12,3.1759392762843e-08,"Mac2_pos_ctrl"
"Sept9",0.655953919971545,0.496083296626893,0.0214772491133844,2.38092575252186e-19,2.89187241901306e-15,"Mac2_pos_ctrl"
"Fam129a",0.654221815211455,0.588662051983446,0.053536550523066,1.06070189475817e-19,1.28832852137328e-15,"Mac2_pos_ctrl"
"Rpl8",0.653942832244926,2.9834070509096,2.24437760051211,9.43067222351212e-15,1.14544944826778e-10,"Mac2_pos_ctrl"
"Nr4a2",0.653297623116507,0.359089560124933,0.00153120759230222,1.05780199810254e-13,1.28480630689535e-09,"Mac2_pos_ctrl"
"AI607873",0.652450421168077,0.4973920619765,0.0148981856978016,6.17490703394084e-21,7.50004208342454e-17,"Mac2_pos_ctrl"
"Itga4",0.64891781496398,0.402556820855439,0.004114788016986,6.97061578526075e-16,8.46650993277771e-12,"Mac2_pos_ctrl"
"Rps2",0.64682314082054,2.85618237012061,2.11120306314247,7.61112681329853e-12,9.24447462743239e-08,"Mac2_pos_ctrl"
"Zbp1",0.645502376573983,0.454001820876786,0.0110306537034191,2.17171042383913e-18,2.63775948079501e-14,"Mac2_pos_ctrl"
"Prdx6",0.642224596028542,0.951509307223088,0.284357737088029,7.33677282353434e-12,8.91124427146481e-08,"Mac2_pos_ctrl"
"Serf2",0.641526867016598,2.57973243449041,1.67230639204732,2.490262584309e-13,3.02467293490171e-09,"Mac2_pos_ctrl"
"Neat1",0.640893012543586,0.983120284169385,0.259800504295443,5.31428358327631e-20,6.45472884024741e-16,"Mac2_pos_ctrl"
"Rps28",0.639998292105396,3.06821869348598,2.34396541100402,9.85943361639672e-13,1.19752680704755e-08,"Mac2_pos_ctrl"
"F13a1",0.639458743873595,0.327712726822017,0.0089799023528118,9.0948383242275e-09,0.000110465906286067,"Mac2_pos_ctrl"
"Rps24",0.637352495588265,3.55722388912776,2.85988997083908,2.32760076951458e-11,2.82710389465241e-07,"Mac2_pos_ctrl"
"Ccnd3",0.636127667150644,0.743652139379923,0.212965326236159,2.49547801693311e-09,3.03100759936696e-05,"Mac2_pos_ctrl"
"Sp100",0.634638705839384,0.623184006775612,0.0785360754132643,1.81316937424294e-20,2.20227552195547e-16,"Mac2_pos_ctrl"
"Rpl9",0.633308536592853,3.20310088311242,2.40969499343866,5.72867919495365e-13,6.9580537501907e-09,"Mac2_pos_ctrl"
"Rpl13",0.630695045670405,3.7776067246404,3.15182117452026,9.36243541614041e-14,1.13716140564441e-09,"Mac2_pos_ctrl"
"Rpl24",0.630247842745201,2.87837010089673,2.09915712304619,7.33972056562412e-13,8.91482459900705e-09,"Mac2_pos_ctrl"
"AI662270",0.629787857853901,0.516038177982125,0.0483812977927297,6.77535886011145e-16,8.22935087149137e-12,"Mac2_pos_ctrl"
"Rpl37a",0.62884888705714,3.77436513845327,3.10577364810892,3.66570393536726e-11,4.45236399989707e-07,"Mac2_pos_ctrl"
"Traf1",0.627409282532363,0.389487708024787,0.024421333696156,3.82376171048977e-12,4.64434097356087e-08,"Mac2_pos_ctrl"
"Rps27l",0.626922556768467,1.31949115313133,0.612082876489085,3.79359061440249e-07,0.00460769516025326,"Mac2_pos_ctrl"
"Emilin2",0.626512689893212,0.368847238293275,0.00504869285190291,4.4518906075036e-14,5.40726633187387e-10,"Mac2_pos_ctrl"
"Cmpk1",0.625709351695952,1.0986279154964,0.392427347626415,9.35209449626695e-14,1.13590539751658e-09,"Mac2_pos_ctrl"
"Rpl17",0.625681025781743,3.47327571798287,2.79187306115954,5.62025611915797e-11,6.82636308232927e-07,"Mac2_pos_ctrl"
"Anp32b",0.624542760709163,0.98006793992075,0.327054474243881,2.23289914286466e-13,2.71207929892342e-09,"Mac2_pos_ctrl"
"Sema4a",0.623819996813895,0.482297871596814,0.0167906360739044,1.56614445862573e-20,1.90223905944681e-16,"Mac2_pos_ctrl"
"Lst1",0.622804988694245,1.39869649436479,0.889283102370023,0.00214655356717043,1,"Mac2_pos_ctrl"
"Rps6",0.618726600554401,3.38175052146542,2.68415420021039,1.77955265527326e-10,2.16144465509491e-06,"Mac2_pos_ctrl"
"Rbm3",0.61609967519391,1.5783793242636,0.764658554515687,6.37897341499148e-09,7.74790110984866e-05,"Mac2_pos_ctrl"
"Gm9493",0.613122776750128,1.36851723159061,0.605997073047516,2.43005315952548e-10,2.95154256755965e-06,"Mac2_pos_ctrl"
"Rel",0.612552366958883,0.628106021319003,0.190941149036314,2.24835421788024e-07,0.00273085103303734,"Mac2_pos_ctrl"
"Rpl23",0.612250880907418,3.22163918657962,2.54093700774505,1.12012140994754e-11,1.36049946452228e-07,"Mac2_pos_ctrl"
"Ccl9",0.610194922289431,1.31390435995256,0.706633159322488,0.000274264009230691,1,"Mac2_pos_ctrl"
"Arpc2",0.6097988686646,2.50662220589848,1.62184981537146,3.24673074936531e-13,3.9434791681791e-09,"Mac2_pos_ctrl"
"Rps27a",0.607850679269611,3.50573304555538,2.77843525120315,6.14081737998814e-13,7.4586367897336e-09,"Mac2_pos_ctrl"
"Lmo1",0.606222615104955,0.422561493304021,0.00479076305763804,3.96329462693118e-20,4.81381765387061e-16,"Mac2_pos_ctrl"
"Rpl34",0.606085305479728,3.28103337966332,2.57788625159578,2.32219899228853e-13,2.82054289603365e-09,"Mac2_pos_ctrl"
"Mnda",0.604311163743169,0.345410147414623,0.0103560652215548,2.30998256586131e-11,2.80570482449515e-07,"Mac2_pos_ctrl"
"Ccr1",0.603092485155919,0.424490346478487,0.0458009584923544,1.55838589741154e-10,1.89281551099606e-06,"Mac2_pos_ctrl"
"Ldha",0.602514077891063,1.48378085953004,0.719324895809843,1.7155506816526e-08,0.000208370785793525,"Mac2_pos_ctrl"
"Psme1",0.601034464070496,1.50199699703702,0.774696196995781,6.84243321748250e-09,8.31081938595424e-05,"Mac2_pos_ctrl"
"Nap1l1",0.600549176323863,0.774011850876184,0.228244102949593,1.56158774856913e-09,1.89670447941206e-05,"Mac2_pos_ctrl"
"Cdkn2d",0.599277572650091,0.504065108951746,0.0702516076906542,2.39785116342732e-12,2.91243002309882e-08,"Mac2_pos_ctrl"
"Tkt",0.596863577023126,1.2916738113237,0.525719497245095,3.72824570908504e-11,4.52832723825469e-07,"Mac2_pos_ctrl"
"Csf2ra",0.595451767363258,0.834886432132865,0.211923729809564,3.60987246204301e-16,4.38455109239743e-12,"Mac2_pos_ctrl"
"Rps13",0.594362078994862,3.1306473383484,2.44513448235951,1.99282712270536e-11,2.42048782323793e-07,"Mac2_pos_ctrl"
"Atp5l",0.592017638849785,2.01829133700349,1.18069947627027,2.29008990634851e-10,2.7815432002509e-06,"Mac2_pos_ctrl"
"Rps15a",0.591914596220633,3.32407922409576,2.65654803021484,4.11545093384711e-12,4.9986267042507e-08,"Mac2_pos_ctrl"
"Ccl3",0.591508140443352,1.3296662748987,1.1182820065287,0.00979021889814381,1,"Mac2_pos_ctrl"
"Trem3",0.591365940624099,0.311576313970923,0.00277753739333466,1.74884196527591e-10,2.12414345102412e-06,"Mac2_pos_ctrl"
"Rpl36al",0.587789934035118,2.01520515922193,1.24240131844272,4.27410970286441e-08,0.000519133364509911,"Mac2_pos_ctrl"
"Gm10076",0.587668087275103,1.62323028656589,0.840346502648327,4.05759923437531e-08,0.000492836003007225,"Mac2_pos_ctrl"
"Rpl27",0.58701064973399,2.39263180191905,1.57452012202132,8.21740240878903e-10,9.98085696571515e-06,"Mac2_pos_ctrl"
"Gpi1",0.586522042745614,1.24459188497327,0.518326313044644,3.97627161946489e-11,4.82957950900205e-07,"Mac2_pos_ctrl"
"Rps9",0.582368201955574,3.62416950259267,2.93878898213801,2.16458978871642e-11,2.62911075737497e-07,"Mac2_pos_ctrl"
"H3f3b",0.581928815160594,3.2349701113674,2.58919872680589,4.94362740375487e-09,6.00452984460067e-05,"Mac2_pos_ctrl"
"Hpcal1",0.58176337929422,0.711674275921838,0.168386961935304,1.00031794392951e-13,1.21498617469678e-09,"Mac2_pos_ctrl"
"Chmp4b",0.581596188082185,0.976619106310413,0.299310767845727,4.2814601031662e-22,5.20026144130567e-18,"Mac2_pos_ctrl"
"Eif3k",0.581119983076432,1.51762332376312,0.744964522992534,1.83808117776688e-09,2.23253339851565e-05,"Mac2_pos_ctrl"
"Sirpb1b",0.578992865249346,0.397258045965063,0.00662095288132766,5.19861497428917e-17,6.31423774777163e-13,"Mac2_pos_ctrl"
"Slc16a3",0.578962898063854,0.42151301839568,0.1663753820204,0.0178722320841174,1,"Mac2_pos_ctrl"
"Sepw1",0.574872207253758,0.872715854189262,0.275577361399792,3.8640606980828e-10,4.69328812389137e-06,"Mac2_pos_ctrl"
"Klf4",0.572625831727673,0.6599738790374,0.150915467302951,1.77171019511807e-11,2.15191920299041e-07,"Mac2_pos_ctrl"
"Serpinb10",0.569436051709903,0.278030441970388,0,4.59439951301409e-13,5.58035764850692e-09,"Mac2_pos_ctrl"
"Alcam",0.56849707695459,0.407329252280246,0.0117653374142115,3.05526779944092e-16,3.71092826920094e-12,"Mac2_pos_ctrl"
"Rpl15",0.568318015121764,2.13544919729346,1.39153451520482,6.55025654658687e-08,0.000795594160148441,"Mac2_pos_ctrl"
"Snrpg",0.566502541895568,1.40816019877971,0.673379317862128,9.19433575320720e-09,0.000111674402058455,"Mac2_pos_ctrl"
"Tsc22d3",0.565785486692702,0.782040242121459,0.270013514282822,2.32336187224045e-09,2.82195533002324e-05,"Mac2_pos_ctrl"
"Gngt2",0.563909992974945,1.20346197936012,0.922085044699232,0.0151298091065863,1,"Mac2_pos_ctrl"
"Tppp3",0.563519522615975,0.329116266871187,0.050167744117444,2.58654674794437e-07,0.00314161968005323,"Mac2_pos_ctrl"
"Rpl4",0.561717351862987,2.77939595904934,2.13405739708435,1.79819700671016e-08,0.000218409008435016,"Mac2_pos_ctrl"
"Rpl22",0.559578200449298,2.33839852845106,1.56921330634426,2.08047408361469e-08,0.000252694382195841,"Mac2_pos_ctrl"
"Stk17b",0.558248814635542,0.631334557613422,0.139989739711748,4.11519732720843e-13,4.99831867362736e-09,"Mac2_pos_ctrl"
"Phf11b",0.556122223752619,0.493961878763032,0.115927724308215,1.30432423394382e-07,0.00158423221454816,"Mac2_pos_ctrl"
"Ifi30",0.555265764659518,1.17697229556158,0.546096883758188,1.80273641314619e-06,0.0218960364740736,"Mac2_pos_ctrl"
"Rgs18",0.555099034963116,0.401923356396712,0.00396578369833823,1.69407100394797e-21,2.05761864139521e-17,"Mac2_pos_ctrl"
"Gadd45a",0.554965399230687,0.25166696622824,0.0512846467642662,0.00147800354913476,1,"Mac2_pos_ctrl"
"Fau",0.551454585088328,3.92789513174784,3.29105190167762,5.85355970343587e-12,7.10973361579321e-08,"Mac2_pos_ctrl"
"Eif5a",0.5513214753088,1.73984381044167,1.01919888187842,6.29364664483526e-07,0.00764426321481691,"Mac2_pos_ctrl"
"Eif3f",0.549897072888671,1.97832910231154,1.21399359930621,6.91358676955052e-08,0.000839724249029606,"Mac2_pos_ctrl"
"Diaph1",0.549521797614824,0.45356442133981,0.0381849773018834,3.89461087037415e-15,4.73039436315644e-11,"Mac2_pos_ctrl"
"Psmb9",0.546732111169202,0.926539103572189,0.356559729135542,1.07787356245133e-08,0.000130918522895338,"Mac2_pos_ctrl"
"Runx3",0.546305716653452,0.356855465350213,0.00224772287193485,7.57487417054458e-18,9.20044216754345e-14,"Mac2_pos_ctrl"
"Nadk",0.545485973347138,0.638376010274862,0.184877804450145,1.95396969782172e-10,2.37329159497426e-06,"Mac2_pos_ctrl"
"Nop10",0.545007189385594,1.08628286511683,0.43478048679127,2.90868761445232e-10,3.53289197651379e-06,"Mac2_pos_ctrl"
"Cks2",0.544698529203513,0.48092673570777,0.0756478897364036,1.43651674351069e-12,1.74479323666809e-08,"Mac2_pos_ctrl"
"Arpc3",0.542332104968247,1.99532637486083,1.18124216448782,3.91297520838772e-10,4.75269968810773e-06,"Mac2_pos_ctrl"
"Cd24a",0.541442949266018,0.422030312516488,0.0560152835058329,7.41399333997736e-11,9.00503631073651e-07,"Mac2_pos_ctrl"
"Ptger4",0.541126013263851,0.339955890398947,0.00402354660795604,1.98048435390894e-14,2.4054962962578e-10,"Mac2_pos_ctrl"
"Serp1",0.540166366032103,1.27205420499362,0.656083990369984,1.74695890126113e-06,0.0212185628147177,"Mac2_pos_ctrl"
"Gltscr2",0.539906403952514,1.2859303555479,0.579090419851512,1.3355135402871e-09,1.62211474603271e-05,"Mac2_pos_ctrl"
"Oas1a",0.539107611879196,0.407462613597473,0.030329877889069,3.14500508417804e-12,3.81992317524264e-08,"Mac2_pos_ctrl"
"Clec10a",0.537951421785764,0.307647836376505,0.0141305104912327,1.98117510926173e-09,2.4063352877093e-05,"Mac2_pos_ctrl"
"Ms4a7",0.536369462079038,0.192157916272384,0.0228446699287439,0.00494483805610935,1,"Mac2_pos_ctrl"
"Olfm1",0.535788824700389,0.380515206773036,0.0057947642601763,1.78300699729036e-17,2.16564029890887e-13,"Mac2_pos_ctrl"
"Btg1",0.529289369936879,2.14042361528483,1.62388758810444,0.00211723589820711,1,"Mac2_pos_ctrl"
"Cox5a",0.526900691713296,1.30634592729082,0.626140423273994,3.0523938442746e-08,0.000370743756325594,"Mac2_pos_ctrl"
"Rpl39",0.526431155917563,3.32267640549384,2.81036787291956,1.39686590292472e-08,0.000169663332569236,"Mac2_pos_ctrl"
"Cd72",0.524250513093976,0.414665419307447,0.0507546363152028,8.43456562446436e-11,1.02446234074744e-06,"Mac2_pos_ctrl"
"Klrk1",0.523179235942662,0.298990539399174,0.0137448684940949,2.1431067502794e-10,2.60301745888936e-06,"Mac2_pos_ctrl"
"Atp5e",0.523100393730064,1.80200457554755,0.983293442664818,4.13583880324457e-09,5.02338981042085e-05,"Mac2_pos_ctrl"
"Cxcr4",0.52163615381311,0.344309389343548,0.0052354474457528,4.58595204202001e-14,5.5700973502375e-10,"Mac2_pos_ctrl"
"Dusp2",0.521295320320376,0.399945531571205,0.0620729429140717,1.4416741272465e-07,0.0017510573949536,"Mac2_pos_ctrl"
"Arhgap15",0.519648470506139,0.425132147857074,0.0253436928199398,8.60493595279781e-18,1.04515552082682e-13,"Mac2_pos_ctrl"
"Clic4",0.518220283197497,0.41407533397127,0.0343656108285986,1.70201441605354e-13,2.06726670973863e-09,"Mac2_pos_ctrl"
"Kdm6b",0.517690299569374,0.429738517963583,0.0697952250419923,9.14609737820673e-09,0.000111088498755699,"Mac2_pos_ctrl"
"Rasgrp2",0.517560222951243,0.36283129141534,0.0171412909477886,5.31200077938066e-14,6.45195614663575e-10,"Mac2_pos_ctrl"
"Aprt",0.516548495927677,0.638275176993196,0.2467993291401,2.89881408401793e-07,0.00352089958644817,"Mac2_pos_ctrl"
"Glipr2",0.515318426368564,0.339502608904289,0.00387569862544826,1.21741479626468e-15,1.47867201154308e-11,"Mac2_pos_ctrl"
"Eno1",0.51520574381158,1.55849210800057,0.861014653711368,8.005034987527e-08,0.000972291549585029,"Mac2_pos_ctrl"
"Rpl6",0.515138377485378,3.24227559317352,2.65919142788458,2.45646124235085e-09,2.98361782495934e-05,"Mac2_pos_ctrl"
"Rpl18a",0.514849215190368,3.79126508182762,3.29088960331511,7.79830067273822e-09,9.47181599710784e-05,"Mac2_pos_ctrl"
"Dok2",0.513774261411167,0.304185087637951,0.0125013371589771,2.47581109831406e-10,3.00712016001226e-06,"Mac2_pos_ctrl"
"Gsn",0.513376319195035,0.831288766712117,0.10505956070891,5.32405627739738e-22,6.46659875452686e-18,"Mac2_pos_ctrl"
"Psmb8",0.511438601035155,1.57962201098544,0.867976734990287,9.32494349947192e-09,0.000113260763744586,"Mac2_pos_ctrl"
"Trps1",0.510878178098141,0.430808633192925,0.0303585304716926,4.03261714787112e-16,4.89801678780426e-12,"Mac2_pos_ctrl"
"Rtp4",0.509875166682698,0.390341567632541,0.0799159512693451,1.33830220560321e-06,0.0162550185892565,"Mac2_pos_ctrl"
"Gm6377",0.50884257906422,0.305421625347541,0.00131809876720008,1.40079450040283e-14,1.70140500018927e-10,"Mac2_pos_ctrl"
"Flna",0.507712727651817,0.413248386236878,0.0572455981990398,1.83480203256768e-09,2.2285505487567e-05,"Mac2_pos_ctrl"
"Sri",0.50765152274512,1.05133766906515,0.413256865462151,9.4321042855539e-16,1.14562338652338e-11,"Mac2_pos_ctrl"
"Rps15",0.506150753381684,3.04305804217576,2.41290081918365,1.60273584432151e-08,0.00019466829565129,"Mac2_pos_ctrl"
"Spp1",0.501389885159515,0.273287713436422,0.0382167868086243,0.000707722121094657,1,"Mac2_pos_ctrl"
"Emc3",-0.500533010992683,0.380750986179114,0.629922421232324,6.75078181441633e-16,8.19949959179007e-12,"Mac2_pos_ctrl"
"Mgat1",-0.500700542339808,0.338707234090763,0.615430804885517,2.75717194350175e-10,3.34886104257723e-06,"Mac2_pos_ctrl"
"Gmpr",-0.502208757530907,0.0691228309782443,0.342215013047727,7.49740687074058e-06,0.0910635038520151,"Mac2_pos_ctrl"
"Bcap31",-0.502403151213353,0.597089142241203,0.891224503495144,6.72389795740787e-14,8.1668464590676e-10,"Mac2_pos_ctrl"
"Lgals9",-0.502808572856139,0.312521454633531,0.575231610918393,7.06304765782089e-08,0.000857877768518925,"Mac2_pos_ctrl"
"Nisch",-0.504439509831099,0.380834338860955,0.642014671934884,1.87083183161502e-10,2.27231234267961e-06,"Mac2_pos_ctrl"
"Orai1",-0.504593126743431,0.531737529865509,0.839761755584073,6.64922875514986e-09,8.07615324600502e-05,"Mac2_pos_ctrl"
"Aig1",-0.504821520321722,0.0307493289799965,0.273344111643996,0.000534235422366417,1,"Mac2_pos_ctrl"
"Eef2k",-0.504968254478299,0.09729983189196,0.3842399251297,5.42092485491881e-06,0.0658425532878439,"Mac2_pos_ctrl"
"Acp2",-0.50698250154461,0.0725531371806419,0.354216414887037,0.000919362303645275,1,"Mac2_pos_ctrl"
"Lpar6",-0.507375466448716,0.514656925831695,0.784194860907319,1.61463816304745e-05,0.196113951283743,"Mac2_pos_ctrl"
"Msrb2",-0.50946143016845,0.0418824587757055,0.304145147623284,5.3506661111318e-07,0.00649891905858068,"Mac2_pos_ctrl"
"Pon3",-0.50965716396611,0.145502517287471,0.42087995354846,3.10622727959355e-08,0.000377282365379432,"Mac2_pos_ctrl"
"Dip2b",-0.510738990751674,0.126549418782837,0.369589234743846,6.11953180422109e-08,0.000743278332940694,"Mac2_pos_ctrl"
"PISD",-0.511232990537886,0.50466403880901,0.88997150818542,2.70956547046245e-07,0.00329103822042369,"Mac2_pos_ctrl"
"Grap",-0.511599513978034,0.0997056206133057,0.37561743084931,5.94994843707405e-06,0.0722680737167015,"Mac2_pos_ctrl"
"Ppfia4",-0.511769897523092,0.481660648402134,0.786911961985186,2.08339515654569e-11,2.53049175714039e-07,"Mac2_pos_ctrl"
"Pld3",-0.511911798020005,0.213005059538036,0.569234407846449,0.000447858913938318,1,"Mac2_pos_ctrl"
"Sep15",-0.513152570775111,1.11727767153463,1.43594366258503,1.51490463828223e-18,1.8400031736576e-14,"Mac2_pos_ctrl"
"Hsp90b1",-0.513986227611833,1.24120109274775,1.66406857487414,3.56265223454093e-10,4.32719740407342e-06,"Mac2_pos_ctrl"
"Kcnk13",-0.514816529563127,0.126993590490459,0.412131365726266,1.92216922003381e-05,0.233466673465307,"Mac2_pos_ctrl"
"Tram1",-0.515081073182547,0.555303660286726,0.878148450128316,2.12275973268621e-10,2.57830397132067e-06,"Mac2_pos_ctrl"
"Slc46a1",-0.517236498511452,0.0439143120886374,0.303708350175791,1.20918318798243e-05,0.146867390012346,"Mac2_pos_ctrl"
"Canx",-0.518164924178711,0.601808139019032,0.933794567824442,3.93772011623958e-08,0.000478275485318459,"Mac2_pos_ctrl"
"Specc1",-0.519605731849395,0.0638460082651192,0.327438904045893,2.78814092508565e-06,0.0338647596760903,"Mac2_pos_ctrl"
"Foxn3",-0.520636974837969,0.192391214750225,0.452374121511431,9.15321809320675e-07,0.0111174986960089,"Mac2_pos_ctrl"
"Prkca",-0.52090043297535,0.0804460023317641,0.349242576358419,2.03868538291264e-07,0.00247618726608569,"Mac2_pos_ctrl"
"Snx17",-0.521403004118416,0.440017615993093,0.751526593422942,1.54878600834534e-09,1.88115548573625e-05,"Mac2_pos_ctrl"
"Pttg1ip",-0.521809769440283,0.280524159983488,0.606505963214858,2.79442441521382e-07,0.0033941078947187,"Mac2_pos_ctrl"
"Txndc15",-0.522018726986527,0.306220613167598,0.616907631547619,1.30397125305443e-08,0.000158380348395992,"Mac2_pos_ctrl"
"Jmjd1c",-0.522090125658937,0.286600720316003,0.603018273111289,7.81748221861347e-08,0.000949511390272792,"Mac2_pos_ctrl"
"Paqr7",-0.522185434677785,0.0396352110281831,0.304851595873978,0.00108172232624198,1,"Mac2_pos_ctrl"
"Tsen34",-0.522366535961068,0.17011779435681,0.462392545521175,2.34545182468799e-05,0.284878578626603,"Mac2_pos_ctrl"
"Lyl1",-0.523187216993621,0.396656495604655,0.700452723074714,5.7455237550477e-08,0.000697851315288094,"Mac2_pos_ctrl"
"Cd33",-0.523282980918296,0.412318989554611,0.74524218688062,1.11145785186281e-07,0.00134997670687257,"Mac2_pos_ctrl"
"Prex1",-0.523505986616989,0.301320105400495,0.601396618911714,6.77318667182005e-05,0.822671253159264,"Mac2_pos_ctrl"
"Plekho1",-0.525107243377933,0.348284883843402,0.632348322555138,2.57706206637305e-10,3.1300995858167e-06,"Mac2_pos_ctrl"
"Lmo2",-0.525757580794701,0.55057389923366,0.889245316819453,1.76967332211754e-09,2.14944521704396e-05,"Mac2_pos_ctrl"
"Rbm39",-0.525777131092646,1.40916076443011,1.81886057626814,2.88583624434644e-13,3.50513670238319e-09,"Mac2_pos_ctrl"
"Man2b1",-0.526072549239235,0.984197607632483,1.31641494141072,3.97553156107375e-12,4.82868063408018e-08,"Mac2_pos_ctrl"
"Cd82",-0.528415602290699,0.522038353534056,0.820032809911569,2.34393126232765e-11,2.84693891122316e-07,"Mac2_pos_ctrl"
"Abhd17c",-0.52870054286909,0.0855887253532087,0.362840138062871,3.79005676125941e-07,0.00460340294222568,"Mac2_pos_ctrl"
"Cnpy2",-0.531803606117628,0.403981394198326,0.689604370848236,4.38285337614698e-12,5.32341371066812e-08,"Mac2_pos_ctrl"
"Mylip",-0.531973883671475,0.178931552223972,0.470536445041995,1.54535298903579e-05,0.187698574048287,"Mac2_pos_ctrl"
"Mfap3",-0.532677509545144,0.072942975071713,0.347295018234566,1.833017230184e-08,0.000222638272778148,"Mac2_pos_ctrl"
"Arl6ip1",-0.535524206680426,1.10961885589406,1.56875916307088,1.29588460284828e-08,0.000157398143861952,"Mac2_pos_ctrl"
"M6pr",-0.537044279435805,0.598651870417993,0.961823656053508,2.08764219422494e-12,2.53565020910562e-08,"Mac2_pos_ctrl"
"Tsc22d4",-0.537362014106567,0.624884021519505,0.94805736418176,4.47714116969422e-13,5.4379356647106e-09,"Mac2_pos_ctrl"
"Cd68",-0.540980364472176,1.32646719110484,1.87568267145271,2.2682332290018e-09,2.75499607994558e-05,"Mac2_pos_ctrl"
"Tcirg1",-0.541196905365449,0.205547653600423,0.501799497145595,2.93320252475461e-07,0.00356266778656695,"Mac2_pos_ctrl"
"Rasal3",-0.541223931747399,0.100057827946071,0.399797609843541,1.07676170963026e-05,0.130783477251691,"Mac2_pos_ctrl"
"Abhd6",-0.542215902742735,0.0998736498276103,0.424852332499085,0.000439226284447709,1,"Mac2_pos_ctrl"
"Naa35",-0.542380855785052,0.1959021257288,0.481890714732574,3.74128311811048e-08,0.000454416247525699,"Mac2_pos_ctrl"
"Agmo",-0.544143834321378,0.0496542928041256,0.340424594083385,3.1791263633951e-06,0.0386136688097969,"Mac2_pos_ctrl"
"Mtus1",-0.544710395155733,0.231843140311202,0.535412954413632,2.21291726489365e-07,0.00268780930993983,"Mac2_pos_ctrl"
"Apobec3",-0.544849174892367,0.118706417200701,0.436432927828655,0.000213810434275315,1,"Mac2_pos_ctrl"
"Mzt2",-0.545037474767846,0.122457254918342,0.420263016880204,1.1435644648506e-07,0.00138897339900754,"Mac2_pos_ctrl"
"Slc12a9",-0.546110238032891,0.148043758391777,0.425007727580019,2.7267736874358e-08,0.000331193932075952,"Mac2_pos_ctrl"
"Il6ra",-0.547081006617879,0.537546089218238,0.953406862483292,1.35178818175317e-07,0.0016418819255574,"Mac2_pos_ctrl"
"Inpp5d",-0.547218125724979,0.432775938185591,0.749671049165633,3.66901154260038e-11,4.45638141964242e-07,"Mac2_pos_ctrl"
"Cd151",-0.548421008828211,0.116493982851459,0.431494351982331,0.000266126182743846,1,"Mac2_pos_ctrl"
"Slc3a2",-0.554462201914885,0.865078715999247,1.34437712769643,3.12533582140432e-08,0.000379603288867768,"Mac2_pos_ctrl"
"AF251705",-0.555158830933465,1.14668081545491,1.59002149896914,3.84745982772503e-12,4.67312470675482e-08,"Mac2_pos_ctrl"
"Iffo1",-0.555901419695215,0.11277066262162,0.394573780096789,6.02059003832139e-10,7.31260866054516e-06,"Mac2_pos_ctrl"
"Col27a1",-0.559402611044869,0.0321295514004577,0.32056524537624,0.000101105536687153,1,"Mac2_pos_ctrl"
"Tcf4",-0.559663433862766,0.284028513003236,0.606877076011603,7.2869057081765e-08,0.000885067567315118,"Mac2_pos_ctrl"
"Bsg",-0.560555446112249,0.983884328150723,1.71629556431246,2.32926246653428e-06,0.0282912219185254,"Mac2_pos_ctrl"
"Slc40a1",-0.561085686995294,0.0832691925068663,0.378643193895369,5.24509630135911e-05,0.637069396763077,"Mac2_pos_ctrl"
"Clec5a",-0.561184485960599,0.163495523082207,0.475501996278869,1.4769665177708e-06,0.0179392353248441,"Mac2_pos_ctrl"
"Snx29",-0.562072042128131,0.0989009849013735,0.384207093160101,2.74866484015885e-05,0.333852831485693,"Mac2_pos_ctrl"
"Camk2d",-0.562244686328862,0.270425095666985,0.590491328981889,5.06750417543896e-10,6.15499057148816e-06,"Mac2_pos_ctrl"
"Evl",-0.563247126408975,0.4491751917102,0.949353106934844,4.26564694683443e-05,0.51810547816251,"Mac2_pos_ctrl"
"Nav3",-0.565293433053597,0.0692830948015925,0.356129809149672,7.84330446579508e-06,0.095264776041547,"Mac2_pos_ctrl"
"Tmbim6",-0.565676938524983,1.74835560051931,2.29472493490382,4.29307675504152e-12,5.21437102667343e-08,"Mac2_pos_ctrl"
"Rcsd1",-0.56652993402199,0.2638357260876,0.570920873682086,2.32819085114478e-09,2.82782060780046e-05,"Mac2_pos_ctrl"
"Mfng",-0.566712716115985,0.223111803198504,0.548087094967404,4.17575481162829e-08,0.000507187179420372,"Mac2_pos_ctrl"
"Stab1",-0.56782412479084,0.195545003208472,0.568796116252951,6.83840385560568e-05,0.830592532301866,"Mac2_pos_ctrl"
"Rtn4rl1",-0.570124208788455,0.0280067489053952,0.324702535484508,2.3381984973491e-05,0.283997589488022,"Mac2_pos_ctrl"
"Scarb2",-0.571803204986928,0.244289432986237,0.570273597096024,4.31503319507078e-09,5.24103931873297e-05,"Mac2_pos_ctrl"
"Aga",-0.577522585651716,0.0966493974643829,0.421871978321066,1.64726762761373e-05,0.200077126049964,"Mac2_pos_ctrl"
"Mgat4a",-0.577682730323227,0.119540135590325,0.425694965869557,8.2725408961942e-06,0.100478281725175,"Mac2_pos_ctrl"
"Clptm1",-0.580178399817908,0.299036679968479,0.631129028434043,1.60844048778177e-10,1.95361181645974e-06,"Mac2_pos_ctrl"
"Cebpzos",-0.580535215678981,0.234585630227736,0.591955588779589,1.67119768768884e-07,0.00202983671146687,"Mac2_pos_ctrl"
"Slc7a7",-0.581115286324864,0.170663753008228,0.507397199874054,5.02057319262624e-06,0.0609798819976383,"Mac2_pos_ctrl"
"Lrrc3",-0.581220095509321,0.113156103387325,0.437758311562629,0.000181479713270419,1,"Mac2_pos_ctrl"
"3222401L13Rik",-0.582068513912845,0.019130164226063,0.320619607120976,0.000218976732412748,1,"Mac2_pos_ctrl"
"Snx5",-0.582351254818948,0.945157257367106,1.43334133769488,6.07989780086125e-10,7.38464386892608e-06,"Mac2_pos_ctrl"
"Fbrsl1",-0.583692697405926,0.0744080112154849,0.398002281678053,9.49185913954352e-06,0.115288121108896,"Mac2_pos_ctrl"
"Hes1",-0.584103779724607,0.332750168368166,0.637929924582205,0.00846451707620558,1,"Mac2_pos_ctrl"
"Pdk1",-0.585371340476135,0.0965477436003825,0.38881527873045,1.92344746023674e-07,0.00233621928520355,"Mac2_pos_ctrl"
"Tm2d3",-0.58785186737148,0.0827522511042908,0.408726779990202,6.99470311170863e-07,0.0084957663994813,"Mac2_pos_ctrl"
"Fam134b",-0.587912390152364,0.299927631052236,0.626278538961907,5.72551224747936e-08,0.000695420717578842,"Mac2_pos_ctrl"
"Gp9",-0.588680182113712,0.0488277667126404,0.352074697795144,3.54431221657463e-06,0.0430492161825155,"Mac2_pos_ctrl"
"Fam102b",-0.589994982791278,0.11215889468253,0.425764723501939,3.05308318044885e-06,0.0370827483097317,"Mac2_pos_ctrl"
"Snta1",-0.590785615778032,0.0519647392126942,0.369196349601629,1.89101551048245e-05,0.229682743903199,"Mac2_pos_ctrl"
"Hvcn1",-0.59089490180857,0.197765443753477,0.558545756232163,6.94819033334139e-05,0.843927197887645,"Mac2_pos_ctrl"
"Mgll",-0.594997428791623,0.0582192067948714,0.368679652150425,9.33049156840369e-05,1,"Mac2_pos_ctrl"
"B4galt4",-0.598521771447361,0.10764359211282,0.439621733971954,5.24695873283867e-05,0.637295607690585,"Mac2_pos_ctrl"
"Atp6ap1",-0.60316777631508,0.712526293803347,1.09088520881887,3.21325908082245e-19,3.90282447956695e-15,"Mac2_pos_ctrl"
"Rab14",-0.607047312946618,0.748587131952312,1.2006435730978,2.56684849956586e-09,3.1176941875727e-05,"Mac2_pos_ctrl"
"mt-Cytb",-0.607275782218496,2.06353560303376,2.59808082667071,2.54523889555438e-07,0.00309144716254035,"Mac2_pos_ctrl"
"Pycard",-0.608964572402341,0.881764898619695,1.33570918144247,2.82865745736445e-12,3.43568734771486e-08,"Mac2_pos_ctrl"
"Csmd3",-0.60910253127013,0.0449415462722148,0.353627945544138,1.51423820094356e-07,0.00183919371886605,"Mac2_pos_ctrl"
"Bhlhe41",-0.610663638908926,0.0397020001752036,0.333840295903074,1.3058176586206e-05,0.158604612816058,"Mac2_pos_ctrl"
"Stard3",-0.610893052495888,0.292405484473083,0.649562231381302,4.25173000089308e-09,5.16415125908474e-05,"Mac2_pos_ctrl"
"Lrpap1",-0.611104152581492,0.245204261885833,0.611149903781378,2.84861451525256e-09,3.45992719022575e-05,"Mac2_pos_ctrl"
"Lamp2",-0.611719720456706,0.698136293071855,1.22090315259771,5.06904568549907e-07,0.00615686288960717,"Mac2_pos_ctrl"
"Il1a",-0.61272593450202,0.0428807508965831,0.359608351841918,0.000384394001126766,1,"Mac2_pos_ctrl"
"Mlxipl",-0.616182405100655,0.0325783602533347,0.354753503556324,1.61499707192422e-05,0.196157544355916,"Mac2_pos_ctrl"
"Tnfaip8l2",-0.616294641813343,0.564093093828866,0.998569176319934,4.1289190848816e-08,0.000501498512049719,"Mac2_pos_ctrl"
"Adgre1",-0.617651668655188,0.459037344557633,0.959030529908111,4.22017302658259e-07,0.00512582215808721,"Mac2_pos_ctrl"
"Snrk",-0.618950569689802,0.143927224291363,0.479561303344869,1.45209004563677e-05,0.176370856943042,"Mac2_pos_ctrl"
"Plpp1",-0.61906673285524,0.0477851116635811,0.31416409583954,0.00119857396406951,1,"Mac2_pos_ctrl"
"Ndfip2",-0.619490166320181,0.239949467809574,0.626945892025453,9.08723007649934e-07,0.0110373496509161,"Mac2_pos_ctrl"
"Hps4",-0.620480837287046,0.122439781379599,0.470588815612683,3.6121801951995e-06,0.0438735406508931,"Mac2_pos_ctrl"
"Taz",-0.6217998850078,0.222448366368527,0.583843484019992,6.5006966123273e-13,7.89574610533274e-09,"Mac2_pos_ctrl"
"Vav1",-0.622059614751713,0.262225263332911,0.643234317932562,8.02589288608865e-08,0.000974824949944327,"Mac2_pos_ctrl"
"Rasgrp3",-0.626084612999935,0.116632835559781,0.466363624344406,1.10344750840257e-06,0.0134024734370576,"Mac2_pos_ctrl"
"Fchsd2",-0.627402160635711,0.0963572868028668,0.406018659511107,1.09811827767593e-06,0.0133377446006519,"Mac2_pos_ctrl"
"Edem2",-0.627902967940436,0.462148809266331,0.844665813036206,9.84579508495432e-17,1.19587027101855e-12,"Mac2_pos_ctrl"
"Ppcdc",-0.63069187348066,0.264321574678781,0.642707286727226,3.95986342272622e-06,0.0480965011324327,"Mac2_pos_ctrl"
"Papss1",-0.631613556868165,0.188496132272171,0.54133199162469,8.12213307886916e-07,0.00986514283759448,"Mac2_pos_ctrl"
"Nav2",-0.631716686948141,0.154206770980356,0.512152712896655,9.16149802110803e-06,0.111275554964378,"Mac2_pos_ctrl"
"Ywhah",-0.632086852640032,1.34552682357879,1.86772673962234,3.65097896923679e-10,4.43447905603501e-06,"Mac2_pos_ctrl"
"Csnk1e",-0.633586147669895,0.349953117771564,0.765015465518854,6.26972613050441e-08,0.000761520935811066,"Mac2_pos_ctrl"
"Cd34",-0.637526971358084,0.151698530945775,0.581796599230221,7.05469382255251e-05,0.856863111687227,"Mac2_pos_ctrl"
"Gns",-0.638101334644742,0.211646619037319,0.593482630135664,4.91692430220265e-08,0.000597209625745534,"Mac2_pos_ctrl"
"Idh2",-0.639549237693965,0.193757122384605,0.560867900788555,4.10391589639526e-08,0.000498461624776169,"Mac2_pos_ctrl"
"Cnpy3",-0.640376107812842,0.28129822123342,0.660804859683392,9.09329652294312e-12,1.10447179567667e-07,"Mac2_pos_ctrl"
"Elmo1",-0.640717067673845,0.336764080117234,0.733248861207138,1.65064140998745e-06,0.0200486905657076,"Mac2_pos_ctrl"
"Havcr2",-0.640832250979874,0.187233604601809,0.53700118142193,1.66352181423574e-08,0.000202051359557073,"Mac2_pos_ctrl"
"Sall1",-0.640998255653791,0.0605853034468525,0.427693952061013,9.64029812311419e-06,0.117091061003345,"Mac2_pos_ctrl"
"Sec62",-0.642474756730462,0.614057478816466,1.00710946020849,1.21134408425235e-15,1.47129852473291e-11,"Mac2_pos_ctrl"
"Pld4",-0.643276397240429,1.37095389763173,1.98210898754385,1.54485854400851e-10,1.87638518755273e-06,"Mac2_pos_ctrl"
"Hhex",-0.647322263777275,0.277409073876452,0.658696301475912,8.79180180610145e-09,0.000106785224736908,"Mac2_pos_ctrl"
"Pnisr",-0.649431708982674,0.288410677948725,0.710857278098087,3.41089402015021e-06,0.0414287187687445,"Mac2_pos_ctrl"
"Creg1",-0.649703195941633,0.825077655523341,1.30555722665313,2.42169580028133e-14,2.9413917190217e-10,"Mac2_pos_ctrl"
"Ctso",-0.649744623156049,0.146209429187048,0.518491997325454,5.63707216751201e-09,6.84678785466009e-05,"Mac2_pos_ctrl"
"Snx18",-0.656443328979997,0.143352766002627,0.526717950607846,2.07345519727156e-06,0.0251841868260603,"Mac2_pos_ctrl"
"Pdia3",-0.657179538948482,1.26794175208515,1.86998183398072,7.97874094443829e-10,9.69097875111474e-06,"Mac2_pos_ctrl"
"Slc29a1",-0.658109282902861,0.226629531587524,0.595090529479093,8.51941887525817e-12,1.03476861658886e-07,"Mac2_pos_ctrl"
"Wasf2",-0.658162673136576,0.410058493029053,0.836861860214288,6.77321972159474e-09,8.22675267384897e-05,"Mac2_pos_ctrl"
"Fam212a",-0.659322335515436,0.0567342266856865,0.422521847318639,3.13384790425108e-05,0.380637166450336,"Mac2_pos_ctrl"
"Akirin2",-0.660093950494047,0.221370804795003,0.599189310973968,7.98365133887958e-11,9.69694291620314e-07,"Mac2_pos_ctrl"
"Cryba4",-0.660444162726722,0.0354803081962336,0.386721399691486,2.38505916609101e-05,0.289689286313414,"Mac2_pos_ctrl"
"Il21r",-0.661832519357441,0.133675954031791,0.489486058962776,8.16632658369309e-10,9.91882026855363e-06,"Mac2_pos_ctrl"
"Man1a2",-0.662408872146491,0.214198815664644,0.631883195069528,1.82981270808748e-08,0.000222249051524306,"Mac2_pos_ctrl"
"Snn",-0.665012437486728,0.0565398060069233,0.437674209721062,1.55246357013255e-06,0.0188562225228299,"Mac2_pos_ctrl"
"Tmcc3",-0.667456607801889,0.380590828849916,0.930686104905742,2.16070930900994e-05,0.262439752672347,"Mac2_pos_ctrl"
"Akr1b10",-0.668734208016809,0.125329876632665,0.521759959183716,2.35057618517836e-06,0.0285500983451763,"Mac2_pos_ctrl"
"Pmepa1",-0.669472857989013,0.225051831452868,0.644026583389084,1.65186828606222e-05,0.200635922025117,"Mac2_pos_ctrl"
"Cd84",-0.672459297490231,0.362803999877249,0.815537660305499,9.43347365039666e-05,1,"Mac2_pos_ctrl"
"Tpp1",-0.674062911423319,0.258042074383814,0.667243869560915,2.16619961048248e-09,2.63106604689202e-05,"Mac2_pos_ctrl"
"Gpr183",-0.675198679926595,0.393469690976956,0.840571059149529,1.22433307660141e-06,0.0148707495484007,"Mac2_pos_ctrl"
"Spint1",-0.675489278909595,0.13503154731288,0.497053985106046,3.59893787309451e-09,4.37126994066059e-05,"Mac2_pos_ctrl"
"Tmem55b",-0.677307589136892,0.44359041177038,0.866779978461051,1.75208343803227e-12,2.12808054383399e-08,"Mac2_pos_ctrl"
"St6galnac4",-0.680613585135099,0.13085325355367,0.519129616290985,2.58400248875608e-07,0.00313852942284314,"Mac2_pos_ctrl"
"Tspan7",-0.681610350407951,0.0632494935470555,0.441492459001147,1.2038877159257e-07,0.00146224201976336,"Mac2_pos_ctrl"
"Cd53",-0.681786683210738,1.77951534584463,2.32915902373267,4.6234922610849e-17,5.61569370031372e-13,"Mac2_pos_ctrl"
"Lyn",-0.685225673204129,0.835789353706864,1.31952381941103,3.59184394090148e-16,4.36265365061894e-12,"Mac2_pos_ctrl"
"Cyfip1",-0.687475551075765,0.401586417485227,0.803833319671458,2.943061837201e-12,3.57464290746434e-08,"Mac2_pos_ctrl"
"Laptm4a",-0.690972318934873,1.08718975866729,1.74726134596212,6.82874542717542e-11,8.29419419584726e-07,"Mac2_pos_ctrl"
"Ctc1",-0.691291907812369,0.228244541756218,0.644119186733476,2.13891295398451e-10,2.59792367390958e-06,"Mac2_pos_ctrl"
"Smap2",-0.696418389888342,0.281921158383408,0.75658028528204,3.82085908981075e-08,0.000464081545048414,"Mac2_pos_ctrl"
"Nrip1",-0.696674761815942,0.16089262844749,0.574993506770955,1.76926960391131e-08,0.000214895486091068,"Mac2_pos_ctrl"
"Dhrs3",-0.697666451403822,0.270153023968234,0.711771582100835,5.19600204316071e-08,0.000631106408162299,"Mac2_pos_ctrl"
"Serinc1",-0.698146831138781,0.439061965806326,0.889726288404467,7.21680093798413e-10,8.76552641927553e-06,"Mac2_pos_ctrl"
"Lap3",-0.698518287903064,0.1082564764423,0.503322312697863,4.04177242121793e-09,4.90913678281129e-05,"Mac2_pos_ctrl"
"Tspan3",-0.702561435674063,0.260940871328374,0.699241377168768,3.16903782442498e-06,0.0384911334154658,"Mac2_pos_ctrl"
"Rgs1",-0.704169696430596,0.641336968746723,0.998134018025712,0.0432216319144207,1,"Mac2_pos_ctrl"
"Atp6v0b",-0.707193935979681,1.29531373327801,1.91912484731561,8.72195486230991e-16,1.05936863757616e-11,"Mac2_pos_ctrl"
"Commd8",-0.707616027808201,0.570868163609638,1.0434015277387,5.21156467244881e-15,6.32996645115633e-11,"Mac2_pos_ctrl"
"Kctd12",-0.708258670497242,0.819533940877796,1.27869969516105,8.51461138806141e-11,1.03418469919394e-06,"Mac2_pos_ctrl"
"Blnk",-0.714320810154066,0.227503375419624,0.68434892053749,1.19042129257573e-06,0.0144588570196248,"Mac2_pos_ctrl"
"Mtdh",-0.722120245336635,0.967960440069501,1.565655245325,2.83222057802102e-11,3.44001511406433e-07,"Mac2_pos_ctrl"
"Bin2",-0.72272992885855,0.494989690228884,1.10397307061852,1.28680350280469e-06,0.0156295153450657,"Mac2_pos_ctrl"
"Il10rb",-0.723056455909983,0.435985040120269,0.954972918457111,1.63187319127554e-11,1.98207317812327e-07,"Mac2_pos_ctrl"
"Frmd4b",-0.72598842832573,0.15354730747043,0.574826610618872,9.30515195560615e-07,0.0113020375652792,"Mac2_pos_ctrl"
"Rnaset2a",-0.727289090935887,0.503940121760049,1.07301486046408,1.29502346015349e-10,1.57293549470243e-06,"Mac2_pos_ctrl"
"Tanc2",-0.730252850305249,0.0978322281863664,0.520144343109536,1.40138634805181e-06,0.0170212385834373,"Mac2_pos_ctrl"
"Gpr84",-0.731662383604593,0.104038128570547,0.50872488157034,2.2593129382186e-06,0.0274416149476032,"Mac2_pos_ctrl"
"Cttnbp2nl",-0.732007502692034,0.156814007303497,0.588511302720071,1.72201034798666e-09,2.0915537686646e-05,"Mac2_pos_ctrl"
"Tmem100",-0.732455891004433,0.0686156422659904,0.460333815400389,5.26596108703504e-07,0.00639603633631276,"Mac2_pos_ctrl"
"Cadm1",-0.733925211111268,0.157590842659938,0.677101910974777,3.5665999515616e-07,0.00433199230116672,"Mac2_pos_ctrl"
"Sypl",-0.737852168454603,0.218834329471328,0.688379878795483,2.29415230135769e-09,2.78647738522905e-05,"Mac2_pos_ctrl"
"Thrsp",-0.738142870149927,0.0341706360575505,0.430146171159596,7.03126030428403e-06,0.0854016876558338,"Mac2_pos_ctrl"
"Rin2",-0.738658548893732,0.168802151957353,0.692860828870831,1.31845469035756e-05,0.16013950669083,"Mac2_pos_ctrl"
"Mcfd2",-0.740688725889959,0.146836521416584,0.632954641498726,3.7473713866207e-08,0.00045515572861895,"Mac2_pos_ctrl"
"Ctsb",-0.741672899815753,1.93528412132565,3.05603262887791,1.70495879855156e-21,2.07084295672073e-17,"Mac2_pos_ctrl"
"Ppt1",-0.743067145164151,0.48969189917188,1.16600199495778,2.24545765156067e-08,0.000272733286358559,"Mac2_pos_ctrl"
"Otud1",-0.744323292530728,0.032415784481653,0.337494505587392,0.000540689774946968,1,"Mac2_pos_ctrl"
"Slc29a3",-0.745126696541396,0.245970787830249,0.709006470553736,1.38437816865473e-07,0.00168146572364804,"Mac2_pos_ctrl"
"Sipa1",-0.748826360352794,0.274158599162981,0.747421699600563,7.14410121352312e-14,8.67722533394518e-10,"Mac2_pos_ctrl"
"Tbxas1",-0.755689751771541,0.383657325934515,0.876551394086654,3.45096054453466e-10,4.1915366773918e-06,"Mac2_pos_ctrl"
"Tspan4",-0.757044731867086,0.149074661969014,0.647394431617178,6.25526509793008e-06,0.0759764498794588,"Mac2_pos_ctrl"
"Ctsa",-0.757613652818827,1.17547483114338,1.99674402707652,1.59366290814599e-14,1.93566296823412e-10,"Mac2_pos_ctrl"
"Tmem59",-0.758127092845396,1.2271788078281,1.9204608693678,5.70450232103145e-16,6.92868851912480e-12,"Mac2_pos_ctrl"
"Pdlim4",-0.758337478473131,0.0538540898083357,0.486636255641184,1.22255439107868e-06,0.0148491456340416,"Mac2_pos_ctrl"
"Rcbtb2",-0.76106457648504,0.176608290888088,0.649756937604723,1.36655761585247e-08,0.000165982088021441,"Mac2_pos_ctrl"
"Ifi27",-0.762209177927555,0.221061285518283,0.695561555209941,2.05574598763427e-07,0.00249690907658059,"Mac2_pos_ctrl"
"Ivns1abp",-0.763738322770388,0.390059381575374,0.908513015858975,1.49554911147157e-10,1.81649395079337e-06,"Mac2_pos_ctrl"
"Hmha1",-0.765156941703352,0.819671145509375,1.40417204977593,1.7275469845838e-14,2.09827856747548e-10,"Mac2_pos_ctrl"
"Rrbp1",-0.766583868512971,1.03030518570975,1.75350007044579,1.38052365493646e-10,1.67678403128582e-06,"Mac2_pos_ctrl"
"Usp2",-0.770993185957999,0.133545786013459,0.59577250317871,1.03499031575383e-07,0.0012570992375146,"Mac2_pos_ctrl"
"Sgce",-0.771044519666431,0.0932812852974428,0.545400336434482,8.580953837868e-10,1.04224265314745e-05,"Mac2_pos_ctrl"
"Ntpcr",-0.771370921818258,0.249119770100323,0.741586363712,6.05959820455735e-10,7.35998797925535e-06,"Mac2_pos_ctrl"
"Vimp",-0.773939886750673,0.432410749096476,0.993206556808745,6.08549758966583e-15,7.39144537240811e-11,"Mac2_pos_ctrl"
"Fez2",-0.774287370808538,0.183433680253479,0.682642443887057,1.0825750527545e-08,0.000131489565907562,"Mac2_pos_ctrl"
"Plod1",-0.776835859623115,0.0452555403493151,0.496824439677549,6.62029269204241e-08,0.000804100750375471,"Mac2_pos_ctrl"
"Mid1ip1",-0.779745825018447,0.258255777732477,0.695193627786095,1.03171767499566e-08,0.000125312428804973,"Mac2_pos_ctrl"
"Hist1h2bc",-0.781539999115202,0.140853236083646,0.499363090989289,0.00462012345131178,1,"Mac2_pos_ctrl"
"Gas6",-0.782907816909875,0.153211981552479,0.656082911831896,1.30837259508765e-07,0.00158914935399346,"Mac2_pos_ctrl"
"Lpcat3",-0.78718399072012,0.210999341700767,0.729691097950716,1.75210315768199e-09,2.12810449532055e-05,"Mac2_pos_ctrl"
"Entpd1",-0.790217142466297,0.284640461590677,0.795656814179127,3.07113987492471e-09,3.73020649208356e-05,"Mac2_pos_ctrl"
"Qk",-0.792104810973503,0.3425503755797,0.894949348983235,2.71963340332632e-10,3.30326673168015e-06,"Mac2_pos_ctrl"
"Acox3",-0.79977927707032,0.192786902732678,0.590196499429227,1.75869043435086e-05,0.213610540156255,"Mac2_pos_ctrl"
"Ang",-0.800183253083,0.225584544412528,0.727897890802114,3.03088495634107e-10,3.68131286797187e-06,"Mac2_pos_ctrl"
"Slc16a6",-0.802496291925089,0.111222934456557,0.606559345813487,2.00851942404633e-08,0.000243954769244667,"Mac2_pos_ctrl"
"Zfhx3",-0.804284620784348,0.243974701857137,0.744712074326142,2.46899989728012e-09,2.99884727523643e-05,"Mac2_pos_ctrl"
"F11r",-0.80618474247181,0.141034257498447,0.663046121805022,5.68831048650636e-07,0.00690902191691063,"Mac2_pos_ctrl"
"Mef2a",-0.80718802933928,0.547245790983972,1.20748140139272,3.27838110221484e-10,3.98192168675015e-06,"Mac2_pos_ctrl"
"Mertk",-0.808378583903046,0.117838911680479,0.591540360005727,2.07403345892799e-10,2.51912103921393e-06,"Mac2_pos_ctrl"
"Cd63",-0.817535586855715,0.648033228760143,1.73840416062519,1.66973328111944e-09,2.02805804324767e-05,"Mac2_pos_ctrl"
"Klk8",-0.820343381209224,0.152317499560976,0.64856899916172,7.28647470627799e-10,8.85015217824525e-06,"Mac2_pos_ctrl"
"P4ha1",-0.822673692161558,0.152123698438364,0.649326914567785,9.18721081871121e-10,1.11587862604066e-05,"Mac2_pos_ctrl"
"Lamp1",-0.824046343336919,1.64648455043003,2.53470094886478,2.4019638097283e-21,2.91742524329599e-17,"Mac2_pos_ctrl"
"Epb41l2",-0.824762040413277,0.24997730802551,0.844701755715794,8.0414488273835e-08,0.000976714374574,"Mac2_pos_ctrl"
"Rnaset2b",-0.82517176802004,0.521988533669618,1.10645157794327,3.07902536714413e-16,3.73978421093325e-12,"Mac2_pos_ctrl"
"Xist",-0.825501876744669,1.89469054759138,2.72715714189612,4.21704958270084e-10,5.12202842314844e-06,"Mac2_pos_ctrl"
"Gtf2h2",-0.827219276838192,0.155597335899759,0.669924141847405,1.17611551994732e-10,1.42850991052802e-06,"Mac2_pos_ctrl"
"Tmem173",-0.831648328175982,0.228646294016381,0.777733373680051,1.5966954294043e-09,1.93934626855446e-05,"Mac2_pos_ctrl"
"Cd164",-0.832190991586211,0.353563042009436,0.902956977642286,5.63833428609889e-12,6.84832082389571e-08,"Mac2_pos_ctrl"
"Pros1",-0.840023264091906,0.148775112323208,0.685753881537561,9.47708579673441e-10,1.15108684087136e-05,"Mac2_pos_ctrl"
"Trf",-0.84080886798867,1.40641027722737,2.30372383390586,6.43780891006861e-16,7.81936270216934e-12,"Mac2_pos_ctrl"
"Asah1",-0.842818664028837,0.890548776168563,1.59983671949042,2.05494868701248e-14,2.49594067524536e-10,"Mac2_pos_ctrl"
"Phgdh",-0.869469966328227,0.0924718185581276,0.605527545758272,1.97388861538703e-07,0.00239748511224908,"Mac2_pos_ctrl"
"Adamts1",-0.870089146124401,0.165585424456978,0.380452046608878,0.0273442044087331,1,"Mac2_pos_ctrl"
"Ifngr1",-0.871134983555695,1.42093412339016,2.27404858174833,1.11476213584638e-14,1.35399009019902e-10,"Mac2_pos_ctrl"
"Adap2os",-0.873941302348765,0.165426709276544,0.734447242535935,6.36875748934182e-09,7.73549284655457e-05,"Mac2_pos_ctrl"
"Upk1b",-0.879111532957704,0.051261321247979,0.541221807898738,1.27244742404695e-07,0.00154551464124743,"Mac2_pos_ctrl"
"Tmem37",-0.879830536158863,0.0632763092795279,0.574345413733046,3.79259444762042e-08,0.000460648521607976,"Mac2_pos_ctrl"
"Adora3",-0.882448315471866,0.14374292641959,0.674670243994034,6.54903119913543e-10,7.95445329446989e-06,"Mac2_pos_ctrl"
"P2ry6",-0.884238274086758,0.48347837995058,1.19363737072801,2.44428335150275e-09,2.96882655873523e-05,"Mac2_pos_ctrl"
"Tspan14",-0.888260519537362,0.18998449317545,0.782130496532482,4.46660150112819e-11,5.4251341832703e-07,"Mac2_pos_ctrl"
"Vgll4",-0.890271447075524,0.20381999402964,0.710263927796207,2.65966661733744e-07,0.00323043107341806,"Mac2_pos_ctrl"
"Cxxc5",-0.891143565333693,0.102732745036718,0.647165737587459,1.733360208374e-09,2.10533930909106e-05,"Mac2_pos_ctrl"
"Fam105a",-0.894688014685633,0.944773173674664,1.69114761146853,1.52887302534401e-19,1.85696917658284e-15,"Mac2_pos_ctrl"
"Atraid",-0.896548419177031,0.351933141243344,1.03280511007699,3.94032628990246e-13,4.78592031171553e-09,"Mac2_pos_ctrl"
"Saraf",-0.90047903056764,0.780191721608457,1.55592264839196,1.25008248323612e-18,1.51835018413859e-14,"Mac2_pos_ctrl"
"Atp2c1",-0.904051378000986,0.248915739013845,0.676763100895559,2.07484263251396e-06,0.0252010386145146,"Mac2_pos_ctrl"
"0610040J01Rik",-0.909169655011181,0.102634572234087,0.701814675063542,5.05871867489005e-09,6.14431970252145e-05,"Mac2_pos_ctrl"
"Rab3il1",-0.912027019087484,0.255687113977752,0.929048547311307,3.99787811875388e-10,4.85582276303847e-06,"Mac2_pos_ctrl"
"Sirpa",-0.913320169485597,0.761648664729636,1.52683105675511,1.70115504903047e-15,2.06622292255241e-11,"Mac2_pos_ctrl"
"Dusp6",-0.913831450026673,0.338908410750862,1.03872835083007,6.23727234884247e-09,7.57579099490406e-05,"Mac2_pos_ctrl"
"Ckb",-0.915443397648466,1.14719986877121,2.06584513745117,3.88448596852626e-14,4.71809665737199e-10,"Mac2_pos_ctrl"
"Aif1",-0.917751935236135,1.08928873888191,2.14465994311473,1.13497329117292e-16,1.37853855945863e-12,"Mac2_pos_ctrl"
"Timp2",-0.922260355489394,0.617449113985557,1.47632006052121,3.60556191791748e-09,4.37931550550258e-05,"Mac2_pos_ctrl"
"Scamp2",-0.932518266285113,0.648241833444997,1.37300984937057,7.90191756066558e-16,9.59766906918442e-12,"Mac2_pos_ctrl"
"Ssh2",-0.937044257644463,0.450257267820319,1.11293637103707,1.42744405095181e-09,1.73377354428606e-05,"Mac2_pos_ctrl"
"Malat1",-0.937836928971839,4.9714276204581,5.84036480550376,5.15307953262059e-23,6.25893040032097e-19,"Mac2_pos_ctrl"
"Adap2",-0.939119740792064,0.12878475783589,0.729333888929693,2.36365716249893e-08,0.00028708979895712,"Mac2_pos_ctrl"
"Tpst2",-0.944903287445541,0.366904640107716,1.11347613589071,2.60691388763506e-11,3.16635760792154e-07,"Mac2_pos_ctrl"
"Slco2b1",-0.948142279384204,0.255968512697856,0.96167151083084,1.17211684260325e-07,0.00142365311702591,"Mac2_pos_ctrl"
"Srgap2",-0.952382272857703,0.289633839171156,0.945346584588761,8.55167845368851e-11,1.03868686498501e-06,"Mac2_pos_ctrl"
"Laptm5",-0.954333558430277,2.02283747841643,2.88596061672473,4.03673289455062e-34,4.90301577372118e-30,"Mac2_pos_ctrl"
"Serpine1",-0.956527824825926,0.0574082237672672,0.305696200485539,0.0393106265524083,1,"Mac2_pos_ctrl"
"Cebpa",-0.964708317856201,0.378866892126822,1.00387382887187,9.4709757052971e-09,0.000115034470916539,"Mac2_pos_ctrl"
"Gna15",-0.966982241556216,0.27514768911422,0.942198869078984,1.65301776108892e-14,2.0077553726186e-10,"Mac2_pos_ctrl"
"Anxa3",-0.968606937740404,0.642335626025415,1.54904836407868,7.67567353301751e-15,9.32287307320306e-11,"Mac2_pos_ctrl"
"Marcks",-0.969071300641124,1.05738802422945,2.0828142102949,1.70296284067296e-16,2.06841866628137e-12,"Mac2_pos_ctrl"
"Adrb2",-0.972381470083692,0.341084415261448,1.02233040885228,1.04536623662151e-06,0.0126970183100049,"Mac2_pos_ctrl"
"Slc1a3",-0.976720190960911,0.0679712106544366,0.655988783312104,9.23557271227269e-09,0.000112175266163264,"Mac2_pos_ctrl"
"Irf8",-0.979453145677084,0.73942892651781,1.68430134509178,3.78562085611475e-14,4.59801509183697e-10,"Mac2_pos_ctrl"
"Ctsz",-0.979577494115544,1.68877966467315,2.80934328948884,7.22823873147026e-24,8.77941876324378e-20,"Mac2_pos_ctrl"
"Txnip",-0.99002635399904,0.5160985821425,1.20838890573741,5.2193216769406e-07,0.00633938810881205,"Mac2_pos_ctrl"
"Comt",-0.991453840163676,0.571608022097267,1.3609926910518,7.19906381157233e-17,8.74398290553576e-13,"Mac2_pos_ctrl"
"Daglb",-0.99167681226786,0.341094965342193,1.15567528214144,2.32670494031396e-11,2.82601582050534e-07,"Mac2_pos_ctrl"
"Calm2",-0.992353174095503,1.35217848857608,2.27402381267261,2.43901671403025e-23,2.96242970086115e-19,"Mac2_pos_ctrl"
"Cfh",-0.992869730766633,0.134821908473237,0.789056664851394,2.05655209594598e-10,2.49788817573599e-06,"Mac2_pos_ctrl"
"Lrba",-1.00542001950868,0.137788015258682,0.776060256694121,8.53828120701694e-08,0.00103705963540428,"Mac2_pos_ctrl"
"Ly86",-1.00619293871042,1.67857961223837,2.7056817899056,1.59490929202934e-26,1.93717682609884e-22,"Mac2_pos_ctrl"
"Abi3",-1.00761595846612,0.5928745741265,1.52567631103548,4.46607702130676e-13,5.42449715007919e-09,"Mac2_pos_ctrl"
"Unc93b1",-1.00996476304053,1.43007434556009,2.43879954298919,8.07518367538242e-22,9.80811809211948e-18,"Mac2_pos_ctrl"
"Pag1",-1.01255248896421,0.1443076403717,0.793406393879873,6.39377040118254e-11,7.76587352927632e-07,"Mac2_pos_ctrl"
"Rnf13",-1.01412780773,0.487565414221354,1.29445908980775,1.80057603694377e-14,2.1869796544719e-10,"Mac2_pos_ctrl"
"Ccl12",-1.0181607069191,0.172947074352451,0.567744516220269,0.00195665872713855,1,"Mac2_pos_ctrl"
"Maf",-1.02215593121739,0.225078719142355,1.009287074447,9.75366019244914e-09,0.000118467956697487,"Mac2_pos_ctrl"
"Ophn1",-1.0241816899878,0.0707518000793261,0.746984888091449,5.96537938560714e-11,7.24554980175844e-07,"Mac2_pos_ctrl"
"Grn",-1.03631649307393,1.45363991843484,2.59176399362,3.45599823349333e-26,4.197655454401e-22,"Mac2_pos_ctrl"
"Cd37",-1.04347735889498,0.537411355643929,1.3825099280583,7.10796604456747e-18,8.63333555773165e-14,"Mac2_pos_ctrl"
"Tgfbr1",-1.04545981993325,0.656432530651724,1.70063277746413,2.54408580351373e-11,3.09004661694778e-07,"Mac2_pos_ctrl"
"Golm1",-1.04761676634791,0.15579654018126,0.860775476992348,5.10407298938023e-09,6.19940705290122e-05,"Mac2_pos_ctrl"
"Hexa",-1.05164903550053,1.30181575882365,2.3384492000799,2.11294992341502e-22,2.56638897697989e-18,"Mac2_pos_ctrl"
"Cyth4",-1.05636478421166,0.632659974365182,1.48332222322019,2.27636586435917e-21,2.76487397885064e-17,"Mac2_pos_ctrl"
"Itm2c",-1.06156153114374,1.04068093333977,2.01486325440891,2.14955861211603e-24,2.61085389027613e-20,"Mac2_pos_ctrl"
"Basp1",-1.07075417417374,0.512063904765018,1.50657475514772,2.02895842030358e-13,2.46437289730073e-09,"Mac2_pos_ctrl"
"Fcgr1",-1.08053475069532,0.41464866988906,1.32880732854621,1.19457182936492e-12,1.45092694394663e-08,"Mac2_pos_ctrl"
"Arhgap5",-1.08562326216228,0.175112865690662,0.933138441153052,7.07625755556335e-11,8.59482242698724e-07,"Mac2_pos_ctrl"
"Cd9",-1.09414754030909,1.52194668149695,2.9323105224169,1.18823017323105e-23,1.44322436840643e-19,"Mac2_pos_ctrl"
"Hk2",-1.12242193334141,0.481615453046209,1.20615901026018,6.65915079034806e-06,0.0808820454995675,"Mac2_pos_ctrl"
"Fgd2",-1.12316606789552,0.276754222639293,1.10481809067148,6.66264172206057e-14,8.09244463561477e-10,"Mac2_pos_ctrl"
"Ccr5",-1.12422415537274,0.386035015362363,1.20860211097583,6.58881741386084e-15,8.00277763087537e-11,"Mac2_pos_ctrl"
"Itm2b",-1.13267783475027,2.96663316284219,4.22056077169728,3.53231550307238e-64,4.29035041003172e-60,"Mac2_pos_ctrl"
"Tcn2",-1.13928440927102,0.41654537831737,1.3138055146786,3.77697572878937e-19,4.58751472018757e-15,"Mac2_pos_ctrl"
"Smad7",-1.14246904028461,0.393393847182603,1.13836615460778,3.44105304975393e-11,4.17950303423112e-07,"Mac2_pos_ctrl"
"Tmem86a",-1.14914029449698,0.246094430738287,1.10249488104681,1.02104244600285e-14,1.24015815491506e-10,"Mac2_pos_ctrl"
"Syngr1",-1.15891738044045,0.263711981380662,1.35585089708097,1.86163489247071e-13,2.26114174039492e-09,"Mac2_pos_ctrl"
"Ctss",-1.15975541572257,3.08950172253454,4.31735626602362,4.09264076076537e-44,4.97092146802561e-40,"Mac2_pos_ctrl"
"Pla2g15",-1.16918367041601,0.189981435284241,1.0598531713986,3.59962691438028e-13,4.37210685020628e-09,"Mac2_pos_ctrl"
"Ctsf",-1.17413711509802,0.0906903474156747,0.908406202302233,9.33935906602624e-13,1.13435855215955e-08,"Mac2_pos_ctrl"
"Frmd4a",-1.18003152923414,0.129386688060824,0.934038421186998,4.56104261846425e-14,5.53984236438668e-10,"Mac2_pos_ctrl"
"Sft2d1",-1.18149392306546,0.79182007363552,1.80607937824453,5.42905805675179e-26,6.59413391573072e-22,"Mac2_pos_ctrl"
"Susd3",-1.18836457524729,0.345729579911999,1.27646757713202,5.52472952901411e-16,6.71033648594054e-12,"Mac2_pos_ctrl"
"Rhoh",-1.19415269082949,0.162543076920899,1.0106285581577,7.7400559531076e-12,9.40107196064449e-08,"Mac2_pos_ctrl"
"Adgrg1",-1.20095552408502,0.110849716323661,0.971681186519353,4.19328766560757e-12,5.09316719864695e-08,"Mac2_pos_ctrl"
"Serinc3",-1.20530867917474,0.888591723470666,2.08254352028389,3.42142109228319e-25,4.15565805868717e-21,"Mac2_pos_ctrl"
"Gem",-1.21174626459503,0.0527617934756764,0.601726667551624,7.30792755607767e-06,0.0887620880961193,"Mac2_pos_ctrl"
"Mef2c",-1.24762810943299,0.778477223843835,1.91883428601905,2.29832292011902e-18,2.79154301877656e-14,"Mac2_pos_ctrl"
"Cmtm6",-1.26368763750407,0.355567676761093,1.43699978409201,3.38883329786246e-15,4.11607692358375e-11,"Mac2_pos_ctrl"
"Bin1",-1.2659657542786,0.718408061573872,1.88526009808679,5.17356017111166e-24,6.28380618383222e-20,"Mac2_pos_ctrl"
"Fcgr3",-1.2839131387908,1.30023610696093,2.66767335949543,1.85480825717856e-32,2.25285010916908e-28,"Mac2_pos_ctrl"
"Camk1",-1.2858617087499,0.500181313923819,1.68541341824317,3.49203906046339e-19,4.24143064283884e-15,"Mac2_pos_ctrl"
"Scoc",-1.28906045156071,0.248320477531552,1.31541182795283,2.23254317903313e-14,2.71164694525364e-10,"Mac2_pos_ctrl"
"St3gal6",-1.29192798726486,0.252792292848926,1.26197445112356,3.41413596381402e-14,4.14680954164851e-10,"Mac2_pos_ctrl"
"Ecscr",-1.30670327226748,0.249677553937761,1.31303143434451,4.16748679077491e-13,5.0618294560752e-09,"Mac2_pos_ctrl"
"Rgs10",-1.32114363313781,1.14861183802868,2.57664467283884,1.08533000216423e-34,1.31824182062868e-30,"Mac2_pos_ctrl"
"Hpgds",-1.32221464601745,0.390061949349784,1.71561576594604,2.32904365275229e-17,2.82885642063293e-13,"Mac2_pos_ctrl"
"Ldhb",-1.38018571154714,0.371243292531371,1.65180802363467,2.06954060443634e-18,2.51366401814838e-14,"Mac2_pos_ctrl"
"Abhd12",-1.3981379569573,0.614516196750768,2.01040997993461,1.08816964366495e-21,1.32169084919544e-17,"Mac2_pos_ctrl"
"Plxdc2",-1.40227253289423,0.262003940118655,1.46163004212263,1.13998933501707e-16,1.38463104631174e-12,"Mac2_pos_ctrl"
"Sgk1",-1.40805038003758,0.334074501939951,1.32482353921054,3.85458075649121e-11,4.68177378683422e-07,"Mac2_pos_ctrl"
"Pmp22",-1.4118285669982,0.16673002188894,1.32353702499041,3.66146830548163e-15,4.44721940383798e-11,"Mac2_pos_ctrl"
"Lair1",-1.42666014818633,0.434203811118572,1.7767487456779,5.22290986738854e-19,6.34374632493012e-15,"Mac2_pos_ctrl"
"Vsir",-1.43196420044204,1.00189712745729,2.46972915427439,3.15817719672267e-31,3.83592202313935e-27,"Mac2_pos_ctrl"
"Sox4",-1.48634553793522,0.151568205590501,1.00554438795488,1.05950658488414e-07,0.00128687669800028,"Mac2_pos_ctrl"
"Itgb5",-1.48785060293884,0.494313899012012,2.09772980232888,1.96089219163514e-23,2.38169965596004e-19,"Mac2_pos_ctrl"
"Ltc4s",-1.49213567674568,0.384827106755313,1.83043617757923,2.56711485023114e-18,3.11801769709074e-14,"Mac2_pos_ctrl"
"Lag3",-1.50775458918326,0.168636209595594,1.35353898590968,6.29048796142639e-17,7.64042667794849e-13,"Mac2_pos_ctrl"
"Glul",-1.51960832518983,0.532964396639226,1.98620999470538,3.11719458488844e-21,3.7861445428055e-17,"Mac2_pos_ctrl"
"Mafb",-1.52648811629532,0.665507369166917,2.10871442949841,1.28577809215128e-14,1.56170607072695e-10,"Mac2_pos_ctrl"
"Fscn1",-1.53736595940492,0.211827754569666,1.55669260651938,2.0112516457977e-19,2.44286624898588e-15,"Mac2_pos_ctrl"
"C1qb",-1.58117791677134,1.77741708762636,4.30113425172042,1.11373028284218e-85,1.35273680154011e-81,"Mac2_pos_ctrl"
"Rnase4",-1.59052445450193,0.440791229113259,1.98795002807906,6.46063511898083e-23,7.84708741551412e-19,"Mac2_pos_ctrl"
"Cx3cr1",-1.60131429873404,0.86331624933694,2.76739221601189,6.57705844829933e-41,7.98849519130436e-37,"Mac2_pos_ctrl"
"Rhob",-1.62217480750482,0.486436578461556,2.14975340047823,1.87952313190256e-22,2.28286879600885e-18,"Mac2_pos_ctrl"
"Csf1r",-1.62310349998313,1.2498144309908,3.08506238462186,1.17052575534649e-52,1.42172058244385e-48,"Mac2_pos_ctrl"
"Crybb1",-1.64308626488331,0.217572203740202,1.52979324740106,4.44776760997973e-18,5.40225853908138e-14,"Mac2_pos_ctrl"
"Lpcat2",-1.64462310565337,0.740160205023262,2.43779137165561,2.12607519697176e-35,2.5823309342419e-31,"Mac2_pos_ctrl"
"Ptgs1",-1.64636453947797,0.252766498074341,1.77693871931218,1.94383001900483e-21,2.36097594108326e-17,"Mac2_pos_ctrl"
"Sepp1",-1.6661231254099,1.29085968161944,3.32008433277166,2.67465852747919e-53,3.24864024747622e-49,"Mac2_pos_ctrl"
"Slc2a5",-1.67616833357474,0.165330785433462,1.48259532869352,5.25942710106345e-18,6.38810015695167e-14,"Mac2_pos_ctrl"
"Cst3",-1.69660617256157,4.41488920802236,6.32005362111639,1.26049134370218e-46,1.53099278606067e-42,"Mac2_pos_ctrl"
"Selplg",-1.70211957587553,1.65966563015327,3.43378311893,1.27435308262399e-55,1.5478292541551e-51,"Mac2_pos_ctrl"
"Serpine2",-1.76428529744652,0.301008978404643,1.87843978977308,2.33573768419238e-24,2.83698699122006e-20,"Mac2_pos_ctrl"
"C1qc",-1.81261485914796,1.56241822350222,4.2580784094717,1.0123692144746e-118,1.22962364790085e-114,"Mac2_pos_ctrl"
"Trem2",-1.81416416558741,0.979787622466696,3.16380696131291,3.81299081743915e-57,4.6312586468616e-53,"Mac2_pos_ctrl"
"C1qa",-1.81612320210295,1.52644951854584,4.48986192574204,2.11522937996492e-66,2.56915760490539e-62,"Mac2_pos_ctrl"
"Fcrls",-1.93002918616499,0.721893428468771,2.99227631845279,3.97716483934531e-33,4.83066441386882e-29,"Mac2_pos_ctrl"
"Ctsl",-2.00492452658606,0.516265502833,2.59985546398918,3.64795843829972e-41,4.43081031915884e-37,"Mac2_pos_ctrl"
"Cd81",-2.02441425298319,1.11115544279104,3.73333062687726,1.4101234837245e-78,1.71273598333178e-74,"Mac2_pos_ctrl"
"P2ry13",-2.03100287565736,0.1721025746348,2.00103581599092,3.2066971894318e-28,3.89485440628387e-24,"Mac2_pos_ctrl"
"Siglech",-2.0512421331905,0.292441958569518,2.29792737708723,2.25048880450542e-31,2.73344370195228e-27,"Mac2_pos_ctrl"
"Olfml3",-2.07915614263551,0.507956603960507,2.76214628084647,6.07469770277915e-37,7.37832782979556e-33,"Mac2_pos_ctrl"
"Sparc",-2.17888061702072,0.57031900338294,3.34784670814633,5.33693289000284e-49,6.48223868819745e-45,"Mac2_pos_ctrl"
"Lgmn",-2.18410962481705,1.25577842439339,3.97691781905888,3.79045796082168e-95,4.60389023921401e-91,"Mac2_pos_ctrl"
"Ctsd",-2.20048873030322,1.65627165327775,4.53040524771514,2.05139362408911e-94,2.49162269581863e-90,"Mac2_pos_ctrl"
"Tmem119",-2.2293634806432,0.492977910713083,3.12926629098069,8.23741859779936e-37,1.00051686288871e-32,"Mac2_pos_ctrl"
"Hexb",-2.28202137921849,2.02382794350493,4.8951683431746,8.9222094184946e-95,1.08369155597035e-90,"Mac2_pos_ctrl"
"P2ry12",-2.31657391761313,0.692348803335288,3.66816310369138,6.71453505599495e-51,8.15547427901147e-47,"Mac2_pos_ctrl"
"Gpr34",-2.34882564273588,0.435544928512294,2.98047038079176,3.6311560065293e-43,4.41040208553049e-39,"Mac2_pos_ctrl"
