"gene","avg_logFC","avg(logUMI)_cluster_Mac2_pos","avg(logUMI)_cluster_1","p_val","p_val_adj","cluster"
"S100a8",4.87573282671805,1.77360823430268,0.170039002525544,2.36316092401665e-44,2.87029525831062e-40,"Mac2_pos"
"S100a9",4.64983902658321,1.5535330679099,0.114763696262122,1.33308537568641e-45,1.61916549730871e-41,"Mac2_pos"
"Cd74",3.94328814004304,3.85886545206624,0.304631632943942,5.50273996165693e-48,6.6836279574285e-44,"Mac2_pos"
"H2-Ab1",3.6821068615525,3.10021340252142,0.249176729031162,2.28851967199055e-37,2.77963599359972e-33,"Mac2_pos"
"H2-Aa",3.64629112628878,2.93743161293779,0.175324285343287,2.95581896413726e-37,3.59013771384111e-33,"Mac2_pos"
"Ngp",3.51603032315174,0.624857122516087,0.0280929033683203,6.5124672131798e-24,7.91004267712818e-20,"Mac2_pos"
"H2-Eb1",3.47645084204829,2.72309068938483,0.131130040537767,2.01641099990329e-40,2.44913280048254e-36,"Mac2_pos"
"Retnlg",3.33813258018554,0.820878163077836,0.0356155697298977,3.02561908257164e-32,3.67491693769152e-28,"Mac2_pos"
"Camp",3.19595105120392,0.509203128571322,0.0239454513029665,2.13705385106301e-17,2.59566560750113e-13,"Mac2_pos"
"Plac8",3.15737641726182,1.84547379987186,0.0208023416963163,2.89645112588738e-104,3.51802953750281e-100,"Mac2_pos"
"Lgals3",2.93728980128447,2.92651131571101,0.0469724159206659,6.91332004590697e-199,8.39691852775861e-195,"Mac2_pos"
"S100a6",2.9146166518954,2.80069728070842,0.0773104592716648,4.56300467849587e-127,5.54222548250108e-123,"Mac2_pos"
"Ifitm3",2.80458155848264,3.04088783309494,0.223546377471005,3.30359926360709e-112,4.01255166557717e-108,"Mac2_pos"
"Lyz2",2.77657937850136,3.70737777118438,1.27691030277397,3.4597542877417e-89,4.20221755789107e-85,"Mac2_pos"
"Il1b",2.67510509727688,1.85725494131911,0.0902879629407103,8.183325488742e-61,9.93946713862604e-57,"Mac2_pos"
"S100a11",2.65382744849133,2.44101622023362,0.0883366142038993,2.82761083725254e-108,3.43441612292694e-104,"Mac2_pos"
"Crip1",2.57793608745508,2.8133066567555,0.19291749198606,1.35788032262478e-77,1.64928143986006e-73,"Mac2_pos"
"Lcn2",2.45471478733337,0.537203936379157,0.00836860920788089,5.89078933199691e-29,7.15495272264344e-25,"Mac2_pos"
"Vim",2.3228035904807,2.24472195876981,0.0901957102228128,1.02620317481102e-81,1.24642637612546e-77,"Mac2_pos"
"Ifi27l2a",2.30787209801767,1.89128950677562,0.146191849710181,1.03551125731692e-46,1.25773197313713e-42,"Mac2_pos"
"Chil3",2.20508996302425,0.815125438518917,0.00284764465144504,1.45914152536037e-48,1.77227329670271e-44,"Mac2_pos"
"S100a4",2.19165555642232,1.85431418749205,0.0214696171320162,9.3080679496171e-99,1.13055793316049e-94,"Mac2_pos"
"Wfdc17",2.17715653707596,1.73746212144208,0.0739274763432173,3.56546668052261e-47,4.33061583016277e-43,"Mac2_pos"
"Tmsb10",2.1740049868367,2.99580980056504,0.702701445086869,3.10871522240348e-118,3.77584550913126e-114,"Mac2_pos"
"Fxyd5",2.170160791708,2.18123530767972,0.0902967237878091,1.47017012599636e-102,1.78566863503518e-98,"Mac2_pos"
"Lsp1",2.1482334042743,2.5186605477242,0.300179607937135,1.06822906175749e-126,1.29747101841064e-122,"Mac2_pos"
"Ifitm2",2.14185167628141,2.08043617316051,0.094473071217272,1.98950826710512e-100,2.41645674122587e-96,"Mac2_pos"
"Cd209a",2.12579348592883,1.19232300323501,0.0151514420333077,4.08929886989127e-34,4.96686240736994e-30,"Mac2_pos"
"Napsa",2.08456972533366,1.77840814531691,0.00660370921323521,1.70503881841608e-117,2.07094014884818e-113,"Mac2_pos"
"Msrb1",2.08188724339868,1.70404539640818,0.144000405527677,2.43414088389206e-82,2.9565075175753e-78,"Mac2_pos"
"Cd52",2.07730978972238,3.23609969163154,0.783261155570354,3.48016671747969e-218,4.22701049505083e-214,"Mac2_pos"
"Wfdc21",1.99976717679002,0.478765400079268,0.00349634695324203,4.95864758498534e-26,6.0227733567232e-22,"Mac2_pos"
"Anxa1",1.9843890072726,1.43032595152235,0.0182192183265529,1.04848896943455e-109,1.27349470227521e-105,"Mac2_pos"
"Ifitm6",1.96828295957377,1.14014964767331,0.00406362008954073,1.99754676811482e-102,2.42622030455226e-98,"Mac2_pos"
"Lgals1",1.95893441526865,1.59427176677953,0.0855172125558303,3.38260989856094e-32,4.10851798279212e-28,"Mac2_pos"
"Mgl2",1.87570790274101,0.960614949035672,0.0222317689057568,2.46369596202769e-19,2.99240511547884e-15,"Mac2_pos"
"S100a10",1.84624967398118,1.59547938841667,0.099172310126295,1.92026772737384e-43,2.33235718166826e-39,"Mac2_pos"
"Ly6c2",1.81300355907834,0.878999692262811,0.00185899074265205,7.13620452031502e-65,8.66763401037463e-61,"Mac2_pos"
"Anxa2",1.81241359230933,1.73185472145745,0.0725291922194908,9.44472667582784e-90,1.14715650204605e-85,"Mac2_pos"
"Ccl5",1.79943433281836,0.589858666821926,0.0574951553427068,4.23719445083529e-22,5.14649637998454e-18,"Mac2_pos"
"Pglyrp1",1.75510998110448,0.908085724368398,0.0282682269556211,4.13056312257923e-79,5.01698196868474e-75,"Mac2_pos"
"Ms4a6c",1.74661754654618,1.78252371871365,0.211885452120764,6.67130000475885e-64,8.1029609857801e-60,"Mac2_pos"
"Hp",1.68760623440385,0.932850605805315,0.0103156440057231,1.66270992988114e-71,2.01952748083364e-67,"Mac2_pos"
"Cybb",1.66335891391164,1.3083916752397,0.0193939268499232,2.22108662640899e-106,2.69773181643636e-102,"Mac2_pos"
"Plbd1",1.65870167590957,1.3930283818449,0.00850994405762716,1.45968829307957e-89,1.77293740077444e-85,"Mac2_pos"
"Pim1",1.63455821494066,1.37757774534017,0.06338074227487,3.66072065969507e-55,4.44631131326563e-51,"Mac2_pos"
"Emp3",1.61776135408949,1.7806865267222,0.202718604161712,1.54644067405801e-70,1.87830684271086e-66,"Mac2_pos"
"Slpi",1.5699947654888,0.6675768915303,0.0129145670730211,2.67592483203689e-42,3.25017830099201e-38,"Mac2_pos"
"Ms4a4c",1.55272608371113,1.0790181192394,0.013557454966657,1.32875600376999e-59,1.61390704217903e-55,"Mac2_pos"
"Ear2",1.52573181985094,0.826832698386536,0.00321386822378478,3.30104713005583e-70,4.00945184416581e-66,"Mac2_pos"
"Tnip3",1.50720434562586,0.87239423550535,0.00688216277013707,6.70968332771079e-32,8.14958136983753e-28,"Mac2_pos"
"Fos",1.47722662955292,2.18154493373208,0.634572368492549,2.91754012062401e-29,3.54364423050992e-25,"Mac2_pos"
"Mcemp1",1.45128346034296,1.09009369205355,0.00911264646895172,1.05754633613048e-90,1.28449577986408e-86,"Mac2_pos"
"Gpx1",1.44857186253312,2.50359229557414,0.911583438610613,1.35277955864074e-84,1.64308605192504e-80,"Mac2_pos"
"Cxcl2",1.42410633772215,0.454748844970712,0.0438166932647117,1.4521103562792e-09,1.76373323873672e-05,"Mac2_pos"
"Hmgb2",1.41732564882178,1.52794646058568,0.310145106906913,1.97840439365909e-41,2.40296997653833e-37,"Mac2_pos"
"Nr4a1",1.40916754770676,1.39453351628464,0.162127843256206,2.42678136265113e-53,2.94756864307606e-49,"Mac2_pos"
"G0s2",1.40530786218035,0.498978351739817,0.0234594120775707,1.32040209052424e-26,1.60376037915074e-22,"Mac2_pos"
"Dusp1",1.36651870178864,1.82743186802447,0.419566816162429,4.73985656259819e-29,5.75702978093176e-25,"Mac2_pos"
"Srgn",1.36506344035956,2.29244709481326,0.777644174945125,1.38291599960251e-87,1.6796897731172e-83,"Mac2_pos"
"Bcl2a1d",1.35088158818394,0.971806682479739,0.0584599920904027,4.04225037458228e-32,4.90971730496764e-28,"Mac2_pos"
"Actg1",1.32921981044052,3.76196718838417,2.2862476095095,4.32432362980292e-144,5.25232348075863e-140,"Mac2_pos"
"H2-D1",1.31462184829831,3.34673374755857,1.68223496503714,3.88960982125503e-143,4.72432008889636e-139,"Mac2_pos"
"Cytip",1.31442446044157,1.02346836249123,0.00962998772558919,4.59418888565962e-83,5.58010182052218e-79,"Mac2_pos"
"Ccr2",1.29705439319005,0.98367623988803,0.0262854427610738,1.39595726175588e-44,1.69552969012869e-40,"Mac2_pos"
"H3f3a",1.28050660983607,2.91663945852973,1.4065604652721,3.21783852254898e-135,3.90838666948799e-131,"Mac2_pos"
"Cfp",1.2682176903559,0.929740094729249,0.0104614439465707,3.1410672280886e-47,3.81514025523641e-43,"Mac2_pos"
"Slfn2",1.26723384684725,1.15727656460065,0.0976862189039635,1.79975222171419e-50,2.18597904849405e-46,"Mac2_pos"
"Tagln2",1.26622213153701,1.36007943443153,0.257102199062973,4.96806896134644e-22,6.03421656045139e-18,"Mac2_pos"
"Cdkn1a",1.24536593828943,1.01072027928931,0.0906005889137017,1.32427882616342e-18,1.60846906225809e-14,"Mac2_pos"
"Smpdl3a",1.23098215823608,1.11177408676419,0.179240874791036,1.49530049887844e-45,1.81619198593775e-41,"Mac2_pos"
"Emb",1.2307185806011,1.00442635231335,0.0222501841254902,1.31421925617791e-61,1.59625070855369e-57,"Mac2_pos"
"Ccl6",1.22403841364563,1.55146128794936,0.611874198309232,7.06625622246815e-37,8.58267480780981e-33,"Mac2_pos"
"Iqgap1",1.22261681293422,1.10386532529332,0.0487080141370966,4.23887400304208e-66,5.14853636409491e-62,"Mac2_pos"
"Gsr",1.21855781390023,0.961944155930687,0.124422817326597,1.65870485622842e-62,2.01466291837504e-58,"Mac2_pos"
"H2afz",1.21168023648205,2.55107417650655,1.24846855261076,1.75257185220447e-29,2.12867377168755e-25,"Mac2_pos"
"Capg",1.20936849288045,1.13208263270664,0.18499391654722,2.25136383703782e-15,2.73450651646613e-11,"Mac2_pos"
"Rpsa",1.19414457076686,2.95008763519048,1.54077544147054,1.913156789662e-70,2.32372023672346e-66,"Mac2_pos"
"Txn1",1.18458873210911,1.48056582924241,0.35447552018479,4.72784797701561e-35,5.74244415288316e-31,"Mac2_pos"
"Metrnl",1.15967488394817,0.816843711472582,0.0269737385033798,9.34591866733831e-65,1.13515528133491e-60,"Mac2_pos"
"Mgst1",1.1522027489631,0.807632145368453,0.0689391935020704,8.53063982024333e-48,1.03613151256675e-43,"Mac2_pos"
"Tspo",1.14743654429498,1.75065001103771,0.477934069175352,1.090898931263e-36,1.32500584191204e-32,"Mac2_pos"
"Mrpl33",1.13015405443713,1.49578160667714,0.348935539389498,4.50129938214894e-44,5.4672782295581e-40,"Mac2_pos"
"Cnn2",1.12115193728916,1.1009415127083,0.098903048372268,1.00856720596063e-56,1.22500572835978e-52,"Mac2_pos"
"H2-DMb2",1.11476149097345,0.707481687970522,0.0472861111358376,7.46072759832446e-15,9.06179974092489e-11,"Mac2_pos"
"Clec12a",1.10966588776244,0.889486441391999,0.015450728789075,6.78358409145142e-64,8.2393412374769e-60,"Mac2_pos"
"Sub1",1.10594205244235,2.18755903643819,0.897054620229312,5.3830840048041e-50,6.53829383223506e-46,"Mac2_pos"
"Prdx5",1.09452367843674,1.78750686015852,0.861418691332173,4.05412425699594e-41,4.92413932254727e-37,"Mac2_pos"
"Calm1",1.0931479115303,2.52250779255438,1.18302412406502,4.35171328249325e-50,5.2855909529163e-46,"Mac2_pos"
"AB124611",1.09094150300602,0.864358213425934,0.0239295161782703,3.22969510584575e-76,3.92278767556024e-72,"Mac2_pos"
"Tnfsf9",1.08383750576012,0.543354497036574,0.0183339457011162,8.47016448607184e-17,1.02878617847829e-12,"Mac2_pos"
"Sh3bgrl3",1.08095884181012,3.07126910229952,1.72553379858506,2.39973138323404e-104,2.91471373807606e-100,"Mac2_pos"
"Mmp8",1.07132054366075,0.321641431675677,0.00075921516052897,1.0073525473653e-30,1.2235304040299e-26,"Mac2_pos"
"Itgb7",1.06796967913116,0.780275670763266,0.00311082160139706,3.75660274404363e-56,4.56276969291539e-52,"Mac2_pos"
"Rps19",1.05404188413746,3.75690944950168,2.67900612155696,1.92577627868828e-58,2.33904786809478e-54,"Mac2_pos"
"Sirpb1c",1.05227561183765,0.652351122758297,0.00898891287453679,6.03337474274373e-63,7.32813696253653e-59,"Mac2_pos"
"Rps5",1.05100493076389,3.5716693327729,2.45834396087478,3.74233761952223e-49,4.5454432726717e-45,"Mac2_pos"
"Tgfbi",1.04929455625776,0.922229244452965,0.128888283714232,3.58819950578768e-30,4.35822711972972e-26,"Mac2_pos"
"Cyp4f18",1.04344587651952,0.641440614439974,0.00843647628219456,9.27605159082282e-68,1.12666922622134e-63,"Mac2_pos"
"Anxa5",1.04083776705147,1.34674185217938,0.269816805005934,3.55156936867828e-24,4.31373615519664e-20,"Mac2_pos"
"Klrd1",1.0353356023289,0.624895013039523,0.0317627130412172,1.33971784328123e-23,1.62722129244938e-19,"Mac2_pos"
"Shfm1",1.02689444430256,2.20463421752343,0.93524906091389,5.55791759383085e-74,6.75064670946695e-70,"Mac2_pos"
"Samhd1",1.02475966985716,1.03485035591691,0.183442856554195,3.07921501194528e-53,3.74001455350873e-49,"Mac2_pos"
"Rps18",1.01479720939151,3.59342655590929,2.58908097741878,6.45400381818403e-54,7.83903303756632e-50,"Mac2_pos"
"Taldo1",1.00883165585533,1.90154059681274,0.813162141108652,8.94494837698724e-50,1.08645342986887e-45,"Mac2_pos"
"Rplp0",0.995678779039399,3.7027208880573,2.68336990580028,8.28610281528233e-43,1.00643004794419e-38,"Mac2_pos"
"Rpl32",0.992207233874628,3.78803692970514,2.76112242282046,1.07344811506925e-42,1.30381008056311e-38,"Mac2_pos"
"Atf3",0.991528634238691,1.30039469162254,0.394439439137502,3.45722765052142e-06,0.0419914870432331,"Mac2_pos"
"Cd44",0.981446885288273,0.745137690842747,0.004030598124154,1.26312145729665e-77,1.53418732203252e-73,"Mac2_pos"
"Plaur",0.979735073161669,0.775352673991764,0.0874136463912622,1.46701258397553e-42,1.78183348449667e-38,"Mac2_pos"
"Ier2",0.973011981928186,1.41721636116139,0.345686812116578,1.77407702937076e-31,2.15479395987372e-27,"Mac2_pos"
"Plp2",0.96466042265998,0.726308085499563,0.0112329080816498,1.12711307599081e-44,1.36899154209844e-40,"Mac2_pos"
"Clec10a",0.961350110506122,0.537386266279907,0.0104912198696274,8.36287021946632e-25,1.01575421685638e-20,"Mac2_pos"
"Ccl17",0.957514183019935,0.253809226787473,0.00217356281029718,2.31419165376432e-08,0.000281081718266215,"Mac2_pos"
"Coro1a",0.95113915108483,2.64882800032159,1.49962101783071,1.11509421113077e-83,1.35439342883943e-79,"Mac2_pos"
"Myl6",0.950539913922597,2.48243200891009,1.20473198649055,1.1635612363408e-76,1.41326147765954e-72,"Mac2_pos"
"AA467197",0.94911104431411,0.398198260149551,0.00260426278371987,2.36865557466072e-21,2.87696906098291e-17,"Mac2_pos"
"Rac2",0.947334810729721,1.69092782153318,0.640034751223889,1.17388147639329e-44,1.42579644122729e-40,"Mac2_pos"
"Lilrb4a",0.945009389399991,0.680892530981034,0.0157196813405038,8.08510255298862e-47,9.82016556085997e-43,"Mac2_pos"
"Prr13",0.929156626053243,1.39177261434532,0.533623176474797,3.60076800855019e-46,4.37349282318506e-42,"Mac2_pos"
"Pmaip1",0.925995041351854,0.692402577882749,0.0561439791330542,1.37294992384567e-21,1.66758497750295e-17,"Mac2_pos"
"Cebpb",0.924078378039388,2.09416733465817,1.39090252949839,2.74859016706953e-37,3.33843761692265e-33,"Mac2_pos"
"Ifrd1",0.922179859253674,0.737783585933987,0.108361431733065,1.60530459682905e-25,1.94980296330856e-21,"Mac2_pos"
"H2-DMa",0.920709525649723,1.85174362327391,1.05525678195565,1.27821633111071e-21,1.55252155576707e-17,"Mac2_pos"
"Rps16",0.907498609444031,3.57142317817392,2.5796068420299,3.03766864795526e-54,3.68955233980645e-50,"Mac2_pos"
"AW112010",0.906065134777482,0.585489247148411,0.180719602150637,9.19604274537016e-09,0.000111695135185266,"Mac2_pos"
"Rbm3",0.903303829292276,1.83315332697381,0.754749334131452,5.45701055671156e-21,6.62808502218185e-17,"Mac2_pos"
"Arhgdib",0.901578843734452,2.13408790717619,1.07642054706564,7.09502648377274e-53,8.61761916719037e-49,"Mac2_pos"
"Marcksl1",0.900892353408063,0.772337839574352,0.174342458442346,5.30191593242179e-12,6.4397070915195e-08,"Mac2_pos"
"Unc119",0.898502739265002,0.642144063742443,0.0145217909555757,2.26662616484706e-54,2.75304413982324e-50,"Mac2_pos"
"Ahnak",0.896519078183795,0.715437461297195,0.0254659966081703,2.2080041608804e-41,2.68184185380533e-37,"Mac2_pos"
"Ltb4r1",0.893334731036889,0.630746357393646,0.00505540157892481,3.68929901347778e-61,4.48102258177011e-57,"Mac2_pos"
"Adgre5",0.893103351816903,0.629427821508521,0.0252532495219993,4.40755947104675e-49,5.35342173353338e-45,"Mac2_pos"
"Ccdc109b",0.888378095541781,0.692347312997287,0.0113496750351569,9.98864377776465e-40,1.21322067324729e-35,"Mac2_pos"
"Rnase6",0.886281838610985,0.86149747514254,0.122315207764566,9.6505866555378e-28,1.17216025518162e-23,"Mac2_pos"
"Isg15",0.879507067757916,0.519739865606474,0.049790600505338,9.58190366880622e-18,1.1638180196132e-13,"Mac2_pos"
"Nfkbiz",0.878965909915227,0.696243914693613,0.0774322718744231,4.46329257356437e-28,5.42111515985129e-24,"Mac2_pos"
"Arpc1b",0.878624629188895,2.68568067146702,1.57515988228055,1.01802854392286e-75,1.2364974694487e-71,"Mac2_pos"
"H2-DMb1",0.876392243253174,1.49798470176137,0.800625244979108,1.39464551058838e-28,1.69393643716065e-24,"Mac2_pos"
"Arpc5",0.874804730781885,1.89057231572663,0.783058180312868,1.35083174156328e-52,1.64072023330276e-48,"Mac2_pos"
"Clec4b1",0.869899485281764,0.574366313903294,0.0052217846490428,1.43998856228746e-32,1.74901010775434e-28,"Mac2_pos"
"Tpm4",0.869531477060377,0.966474862263937,0.163577063375925,3.32496968848677e-29,4.03850818363603e-25,"Mac2_pos"
"Rps7",0.866538665969727,3.37928376659321,2.47942929083509,1.24132155321351e-52,1.50770915853312e-48,"Mac2_pos"
"Plin2",0.864921981287844,0.836794400311756,0.149209843352798,3.21654579335683e-25,3.90681652061121e-21,"Mac2_pos"
"Rps2",0.863006639216755,3.03501798891535,2.09302696394078,4.69546044740926e-19,5.70310625942329e-15,"Mac2_pos"
"Mndal",0.857558083517373,0.613154806429319,0.0111920177095165,7.07753933612295e-44,8.59637927765493e-40,"Mac2_pos"
"Stk17b",0.856860672103384,0.880917085119307,0.136017796168098,6.08358486802819e-39,7.38912218070704e-35,"Mac2_pos"
"Irf7",0.85358488146168,0.535313169010782,0.0425463188338547,1.39373210845091e-25,1.69282701892448e-21,"Mac2_pos"
"Zyx",0.849739891809423,0.997132242514942,0.182865864039096,1.47813681514106e-33,1.79534497567033e-29,"Mac2_pos"
"Gmfg",0.849504235162197,1.38822682752512,0.488875205564901,3.31477203213452e-44,4.02612211023059e-40,"Mac2_pos"
"Rps11",0.84882835339386,3.68879476363468,2.8454731018908,5.3206354329872e-40,6.46244379690626e-36,"Mac2_pos"
"Rps27a",0.842999396799629,3.74860846561643,2.76546818800624,9.14716451484881e-61,1.11101460197354e-56,"Mac2_pos"
"Pla2g7",0.839290358520144,0.499403337676052,0.0269946109601684,1.46089620471775e-35,1.77440453025018e-31,"Mac2_pos"
"Rpl18",0.837000571214103,2.99717064329908,2.03711776147061,2.35953542362411e-45,2.86589172553384e-41,"Mac2_pos"
"Bhlhe40",0.835343856366346,0.574310218985788,0.0117355086662417,5.15051295140828e-33,6.2558130307805e-29,"Mac2_pos"
"Sec61b",0.833502103935651,1.68793289615709,0.669506216620741,2.15248327592254e-18,2.61440618693552e-14,"Mac2_pos"
"Thbs1",0.831681307581227,0.383331093074605,0.00640425084935962,9.18510040034339e-34,1.11562229462571e-29,"Mac2_pos"
"Cdk2ap2",0.829828265285305,1.22819049336404,0.478924941089915,4.27892889270236e-29,5.19718703307629e-25,"Mac2_pos"
"H2afj",0.829663700096135,1.19579038248447,0.295655975065334,8.40170081934409e-33,1.02047058151753e-28,"Mac2_pos"
"Actr3",0.829111024218354,1.92225082130704,0.875140119088919,4.53275760767654e-38,5.50548739028392e-34,"Mac2_pos"
"H2afy",0.826423328899749,1.32724279672812,0.460377790879281,1.45659771074554e-09,1.76918357947153e-05,"Mac2_pos"
"Clec4a1",0.823054575595707,0.604355339252577,0.028857053445215,3.6059928353713e-56,4.37983889784198e-52,"Mac2_pos"
"H2-K1",0.822838863683691,2.1768415458829,1.16683580472413,2.40048646452254e-37,2.91563085980908e-33,"Mac2_pos"
"Anp32b",0.818216438276469,1.12546340649556,0.316461926584875,8.39199812642033e-07,0.0101929209243501,"Mac2_pos"
"Rps14",0.812675965264282,3.83782187586803,2.99307693278053,8.46732911020345e-47,1.02844179372531e-42,"Mac2_pos"
"Ifi204",0.809874911107275,0.517976352644036,0.0393868752313191,1.80205830460955e-26,2.18878001677875e-22,"Mac2_pos"
"Rps6",0.809664903258491,3.52812013988623,2.67237489835414,3.00089159757099e-30,3.64488293440972e-26,"Mac2_pos"
"Rps8",0.806793627593563,3.35195422022209,2.4908715032559,2.77177276851984e-41,3.3665952046442e-37,"Mac2_pos"
"Rpl13",0.804956231047337,3.89224429943589,3.14035673463962,1.36919056922338e-40,1.66301886537872e-36,"Mac2_pos"
"Rpl28",0.798121528552111,2.81066727546417,1.88006345204703,4.77618303183117e-37,5.80115191046214e-33,"Mac2_pos"
"Rps27l",0.797685112922997,1.47075786525904,0.598446918607497,0.0106372959171245,1,"Mac2_pos"
"Rps15a",0.797638338773246,3.47563654083171,2.64396265386822,1.74480841336131e-38,2.11924429886865e-34,"Mac2_pos"
"Rpl8",0.793221909183872,3.10821602085894,2.23364041088019,1.44088800911724e-48,1.75010257587379e-44,"Mac2_pos"
"Eif3k",0.790242468672823,1.72299218441573,0.734221979533628,6.87629965635628e-23,8.35195356261034e-19,"Mac2_pos"
"Stap1",0.787513800664656,0.55937308609181,0.0104152783491043,4.6431134549946e-58,5.63952560243644e-54,"Mac2_pos"
"Rpl19",0.785784944186768,3.36191783834105,2.55062687682282,2.92990913855676e-42,3.55866763969104e-38,"Mac2_pos"
"Sh3bgrl",0.784880132835174,0.706043511647887,0.0540279615432844,1.26505016826017e-33,1.5365299343688e-29,"Mac2_pos"
"Rpl9",0.781907023484597,3.31317474879994,2.3982543888893,6.60790310303272e-43,8.02595910894354e-39,"Mac2_pos"
"Ybx1",0.780202031270678,2.12020256467533,1.11411234321945,3.36040412081941e-11,4.08154684514726e-07,"Mac2_pos"
"Ifi30",0.778759260175448,1.36570588939826,0.536331508732833,0.00369226831080369,1,"Mac2_pos"
"Clec4e",0.771767225823919,0.390446405695402,0.0058806695376914,2.21722724489189e-34,2.69304421164569e-30,"Mac2_pos"
"Eno3",0.770291965040127,0.364162952220957,0.0671821913068368,2.69519610822712e-22,3.27358519305266e-18,"Mac2_pos"
"Pitpna",0.768467254004332,0.99502435612697,0.256014542254847,5.1206041872988e-08,0.000621948584589312,"Mac2_pos"
"Dusp2",0.766728969566818,0.521852634284258,0.0564725942108452,2.07632987258933e-20,2.521910263247e-16,"Mac2_pos"
"Psmb8",0.766133369271505,1.79850442529759,0.861373992771598,1.41834347437324e-17,1.72271998397373e-13,"Mac2_pos"
"Ifi203",0.765798382424189,0.513815865164992,0.0132024215320083,4.10054349582577e-32,4.98052013002998e-28,"Mac2_pos"
"Atox1",0.764869512081538,1.9919418489834,1.02914436834824,5.48952292726676e-15,6.6675745474582e-11,"Mac2_pos"
"Rpl17",0.763129080629319,3.58693165785215,2.78077994587918,2.9383146155223e-31,3.56887693201338e-27,"Mac2_pos"
"Gm2a",0.762539053884212,1.45635203966406,0.640614053982391,2.76292882267826e-16,3.35585334802502e-12,"Mac2_pos"
"Gnb2l1",0.761634483568973,2.13404938884728,1.19925510367492,5.67007552342605e-23,6.88687373075328e-19,"Mac2_pos"
"Hdc",0.756586666686906,0.318415698532066,0.0236314905912049,1.48760587790799e-21,1.80684609930704e-17,"Mac2_pos"
"Ccnd3",0.756073758549912,0.923680349647703,0.210044560573221,4.43902844122549e-32,5.39164394471248e-28,"Mac2_pos"
"Rps26",0.754827887973838,2.4478048596226,1.52961457951176,1.51748254243968e-20,1.84313429604723e-16,"Mac2_pos"
"Flna",0.750860344294806,0.62344563726088,0.052698989657694,4.21125019938933e-42,5.11498449217828e-38,"Mac2_pos"
"Psma7",0.750514225915268,1.62360215984224,0.719446374168457,4.89481252756975e-20,5.94523929598621e-16,"Mac2_pos"
"Nfkbia",0.750013070330371,1.93701780231905,1.11065854763545,0.000518565640937886,1,"Mac2_pos"
"Aldh2",0.749088151386818,0.922494004806032,0.253462484869669,2.76728629276024e-21,3.36114593118658e-17,"Mac2_pos"
"Btf3",0.747474235839428,2.28232016850203,1.29936029926268,1.39438579620916e-36,1.69362098807564e-32,"Mac2_pos"
"Trem3",0.746840641648104,0.398735748030926,0.00123399891211773,1.66776137588463e-49,2.02566296714948e-45,"Mac2_pos"
"Itga4",0.745653817079394,0.506482631962817,0.00211597376859329,3.85709028425642e-61,4.68482185925785e-57,"Mac2_pos"
"Rpl23",0.743457861898036,3.38372393440898,2.52773697607668,1.23290565762114e-34,1.49748721174664e-30,"Mac2_pos"
"Ptma",0.741268309577233,2.67916267501954,1.91661813442561,4.72913872100682e-25,5.74401189053488e-21,"Mac2_pos"
"Ucp2",0.738850334975143,1.63995408584399,0.75291966390455,2.1517927154934e-20,2.61356743223829e-16,"Mac2_pos"
"Uba52",0.737676673905806,1.77253633986995,0.822466179894045,2.1778407980668e-11,2.64520543333194e-07,"Mac2_pos"
"Atp5l",0.73528595825396,2.17664807606563,1.16815347430646,6.39134425344566e-43,7.7629267302351e-39,"Mac2_pos"
"Alox5ap",0.732426004401989,2.21845124408665,1.29324698681046,9.97785480933985e-47,1.21191024514242e-42,"Mac2_pos"
"Gngt2",0.730744679331949,1.23949077273635,0.920131398383414,1.75776524140945e-28,2.13498166221592e-24,"Mac2_pos"
"Zbp1",0.729730929657805,0.478747254983626,0.00838397361213342,4.08663497442789e-47,4.96362683994011e-43,"Mac2_pos"
"Glipr1",0.729615529206713,0.636861606708639,0.0681035114366763,9.32730891439633e-29,1.13289494074258e-24,"Mac2_pos"
"Itgal",0.728743487462809,0.391339151424044,0.00075921516052897,4.65635759387764e-48,5.65561193352378e-44,"Mac2_pos"
"Rpl4",0.727903057413928,2.93057962265142,2.12191467985804,6.05972398650484e-27,7.36014075400877e-23,"Mac2_pos"
"Pfn1",0.726911008226383,3.17171039696584,2.32780704682144,9.31023646903013e-72,1.1308213215284e-67,"Mac2_pos"
"Rpl24",0.721659559352135,2.95242544434104,2.08679883500331,7.91927059480377e-35,9.61874606444866e-31,"Mac2_pos"
"Eif3f",0.72159682041212,2.11591537522282,1.20229753023662,9.19948097487136e-23,1.11736895920787e-18,"Mac2_pos"
"Cox5a",0.720324739068595,1.4628253868952,0.618663326449371,4.78171965926155e-15,5.80787669813908e-11,"Mac2_pos"
"Traf1",0.720046009711589,0.48665015844605,0.0207846761075507,1.68110859119165e-29,2.04187449486138e-25,"Mac2_pos"
"Rtp4",0.717124853718072,0.543854035256607,0.0762637454015621,3.10585571111456e-20,3.77237234671974e-16,"Mac2_pos"
"Serf2",0.715682506036632,2.62790825248093,1.65985982020563,1.73388421569582e-47,2.10597576838414e-43,"Mac2_pos"
"Slamf7",0.712354876228415,0.490431574484762,0.00683114669274709,1.04767124090926e-27,1.27250148920839e-23,"Mac2_pos"
"Arpc2",0.710839242229918,2.56862328229987,1.61263859326713,1.85394173387466e-54,2.25179762996416e-50,"Mac2_pos"
"Rps24",0.709295377161937,3.60087295059954,2.84965241603978,4.96329373888248e-27,6.02841657524666e-23,"Mac2_pos"
"Abracl",0.708129840681983,1.14150366163408,0.369332009575493,6.2714876417108e-21,7.61734888962193e-17,"Mac2_pos"
"Myo1g",0.706553365022443,0.623116449566636,0.0760386272943925,4.35409373921561e-39,5.28848225565128e-35,"Mac2_pos"
"Rps9",0.706441461340209,3.73732553547986,2.93011904785995,2.22794393934033e-43,2.70606070872277e-39,"Mac2_pos"
"Mmp9",0.698719725883754,0.248351300996146,0.00275445646645185,2.29108128531553e-24,2.78274732914424e-20,"Mac2_pos"
"Rps13",0.695885031197264,3.21681393610061,2.43342318388414,2.16883987384932e-34,2.63427291077738e-30,"Mac2_pos"
"Nap1l1",0.689870857283688,0.872586815544624,0.220457937049806,1.19224694879579e-07,0.00144810314400737,"Mac2_pos"
"Pirb",0.686247184263106,0.610789141660706,0.081878463490458,2.28964392313402e-31,2.78100150903858e-27,"Mac2_pos"
"Ly6g",0.683175190612495,0.217974535192153,0,4.20454616924928e-25,5.10684177717017e-21,"Mac2_pos"
"Cks2",0.682640066455711,0.505393490012417,0.0746308494986317,2.16767061403265e-16,2.63285272780405e-12,"Mac2_pos"
"Dusp5",0.679395529373987,0.439700582259177,0.0139215326543201,1.26340829996086e-31,1.53453572113246e-27,"Mac2_pos"
"Gpr132",0.678789939333955,0.491833127338825,0.00379692159988928,6.85859154771665e-42,8.33044529385664e-38,"Mac2_pos"
"Neat1",0.675686880348806,0.903471610462141,0.25777157032908,1.92138098663144e-28,2.33370934636255e-24,"Mac2_pos"
"Nadk",0.674277762857499,0.759254422902833,0.182940800810133,2.21401833138124e-31,2.68914666529565e-27,"Mac2_pos"
"Cd177",0.67297493553938,0.279065208673664,0,3.01016333708892e-35,3.65614438922821e-31,"Mac2_pos"
"Gpi1",0.671998911047106,1.30732016576321,0.509830477221615,1.83473397639993e-15,2.22846788773535e-11,"Mac2_pos"
"Il1r2",0.671005219501779,0.386113995288086,0.00839633352988855,3.37424043413875e-32,4.09835243130493e-28,"Mac2_pos"
"Cdkn2d",0.670255980543022,0.565826665936928,0.0682675834615875,2.80442806604107e-26,3.40625832901349e-22,"Mac2_pos"
"Rpl10a",0.669558365830398,2.81878478150626,2.06873140031301,8.81061005890201e-23,1.07013669775424e-18,"Mac2_pos"
"Osm",0.668813858232844,0.520198420421194,0.227264933533614,5.75213763301947e-06,0.0698654636906545,"Mac2_pos"
"Agpat4",0.667977019202128,0.518039967573014,0.0392700225069161,1.34285670079602e-32,1.63103374878685e-28,"Mac2_pos"
"Tppp3",0.66668114032903,0.435608397274925,0.0507503372749369,3.43678194510978e-27,4.17431535053034e-23,"Mac2_pos"
"Tpt1",0.665857513420781,3.31289341746627,2.51622983257492,2.58566093510356e-35,3.14054377177678e-31,"Mac2_pos"
"Ptprc",0.665135852287908,1.18596048964041,0.474983012230097,1.12113278727516e-32,1.36172788342441e-28,"Mac2_pos"
"Gadd45b",0.665056462783006,0.626577618814302,0.138613066803146,6.84078990641859e-08,0.000830882342033602,"Mac2_pos"
"Arpc3",0.66446929111317,2.06739410146978,1.17478074607829,2.99240820261243e-41,3.63457900289306e-37,"Mac2_pos"
"Gm9733",0.663587159316494,0.354809462848943,0,1.99894976731782e-46,2.42792438738423e-42,"Mac2_pos"
"Rpl14",0.660330215562376,3.08518928139485,2.43076405416199,1.01677453424497e-14,1.23497434929394e-10,"Mac2_pos"
"Naca",0.658632030812629,2.41925877525337,1.59986256258536,5.24309543018366e-27,6.36826370950108e-23,"Mac2_pos"
"Adssl1",0.658176690746805,0.565889604042558,0.070261478973,3.51504383499839e-32,4.26937224198904e-28,"Mac2_pos"
"Fgr",0.655123547310929,0.459780173801005,0.0200294686094649,1.28655467072099e-46,1.56264930305772e-42,"Mac2_pos"
"Il2rg",0.652471452104819,0.477554444468004,0.0165371919793763,1.36440100823433e-38,1.65720146460142e-34,"Mac2_pos"
"AI662270",0.652164371319222,0.557899514697378,0.0461616946251506,2.59567541686654e-27,3.1527073613261e-23,"Mac2_pos"
"Npm1",0.652138824644042,1.86644955607301,1.04368363599129,3.74314889291011e-05,0.454642864532862,"Mac2_pos"
"Pkm",0.649981498003719,1.60446422488341,0.845481938282206,2.57600951825219e-11,3.12882116086911e-07,"Mac2_pos"
"Sepw1",0.64577929251668,0.936009337694914,0.265863332991676,7.10892344904555e-11,8.63449842121073e-07,"Mac2_pos"
"Eif3e",0.642836974523894,1.38147121703186,0.609755231284449,4.69606317546144e-09,5.70383833291546e-05,"Mac2_pos"
"Tkt",0.642026802452239,1.2858712837248,0.517713374604621,1.05902129472044e-14,1.28628726456744e-10,"Mac2_pos"
"Sp100",0.640896164456136,0.578466006905352,0.0758236214847691,4.34605602130043e-32,5.27871964347151e-28,"Mac2_pos"
"Klrk1",0.638576105386405,0.384274083482445,0.0123034418244613,4.70809306721366e-24,5.71844983943771e-20,"Mac2_pos"
"Snrpe",0.638083453130796,1.15404351219431,0.426497390777358,2.10501265442597e-07,0.00255674837006579,"Mac2_pos"
"Rpl18a",0.636280759882846,3.93577827048061,3.28173899015677,2.39614956007505e-16,2.91036325566716e-12,"Mac2_pos"
"Rpl22l1",0.636041600302919,1.7494582368292,0.956395888385288,3.13302112193663e-05,0.380536745470424,"Mac2_pos"
"Ccl9",0.635081958539579,1.17097149980236,0.697836041405983,1.29789536557034e-09,1.57642371102173e-05,"Mac2_pos"
"Rps3a1",0.627111107450874,3.32680065102537,2.68226653455497,4.87147525716022e-34,5.91689384734681e-30,"Mac2_pos"
"Scand1",0.625068695003513,0.939683494890037,0.285293107442974,5.63490076526333e-12,6.84415046948884e-08,"Mac2_pos"
"Sept9",0.624394807715086,0.474587138023917,0.0179418678885302,4.39692556954225e-44,5.34050579676601e-40,"Mac2_pos"
"Amica1",0.622276283941689,0.388779605685383,0.0023981505153318,2.18730979766268e-30,2.65670648024109e-26,"Mac2_pos"
"Ifitm1",0.619000882433363,0.1890128193686,0.0182195974725751,1.0919873813146e-07,0.00132632787334471,"Mac2_pos"
"Rpl35",0.618597696595984,3.0499107433619,2.35342528887508,7.90276124667422e-28,9.59869381021051e-24,"Mac2_pos"
"Myl12b",0.617918139052646,1.64266576955398,0.811130292838602,2.96327688923789e-27,3.59919610966834e-23,"Mac2_pos"
"Rpl36al",0.61777829108787,2.02870972532643,1.23070946158149,1.16077362336999e-17,1.40987564294519e-13,"Mac2_pos"
"Sirpb1b",0.615588948573365,0.405056516036063,0.00425510984753748,1.56250838190187e-46,1.89782268065801e-42,"Mac2_pos"
"Prdx6",0.613319030793976,0.986689113607149,0.281159668987803,1.59673891128722e-19,1.93939908164946e-15,"Mac2_pos"
"AI607873",0.612022123880652,0.40980460555508,0.0104773083935124,2.51661699205976e-33,3.05668299855579e-29,"Mac2_pos"
"Arhgap15",0.610578455503188,0.491429323829306,0.0231089017904401,8.45026897138587e-39,1.02636966926453e-34,"Mac2_pos"
"Tmsb4x",0.608866378333929,5.55167443601396,4.89498638821051,4.85020475735862e-68,5.89105869828778e-64,"Mac2_pos"
"Lmnb1",0.607736087838588,0.40510153542847,0.0171037006846464,6.67573039539589e-25,8.10834213824785e-21,"Mac2_pos"
"Serp1",0.606688001984592,1.35699095679487,0.653359469985698,1.08949740044939e-08,0.000132330354258583,"Mac2_pos"
"Rps3",0.605432933281851,3.33151145161558,2.66077617478893,1.45542715378265e-24,1.7677618209844e-20,"Mac2_pos"
"Rps20",0.605378701833512,2.71386186810259,1.98179643626034,1.88700816464203e-13,2.29196011677421e-09,"Mac2_pos"
"Avpi1",0.603697645154099,0.447803599388785,0.0404560204244844,2.36576834089914e-13,2.87346222685609e-09,"Mac2_pos"
"Rpl7",0.60310198779985,2.92892907900668,2.2331854152003,2.83649330808768e-25,3.4452047720033e-21,"Mac2_pos"
"Rpl34",0.602588215342028,3.26380156438997,2.56800761106486,4.91145258496864e-30,5.96545030970291e-26,"Mac2_pos"
"Rps10",0.598639266429411,2.88034139769337,2.13287996656833,4.95319626135965e-20,6.01615217904743e-16,"Mac2_pos"
"Pyhin1",0.597764221856399,0.396270400842009,0.0200185275369418,7.34812396483363e-22,8.92503136768692e-18,"Mac2_pos"
"Mcl1",0.594367276736836,1.04712331298078,0.375038196234457,9.34139075964386e-14,1.13460532166634e-09,"Mac2_pos"
"Mxd1",0.59410927934274,0.378194884515329,0.0531626819981623,1.83878516644728e-18,2.23338846316686e-14,"Mac2_pos"
"Rpl26",0.594073430264512,3.40941261526022,2.77894205489802,5.64734639571438e-20,6.85926693223468e-16,"Mac2_pos"
"Nr4a2",0.593396276549226,0.323304394549911,0,2.73854380733041e-30,3.32623530838352e-26,"Mac2_pos"
"Eif3h",0.591847667982168,1.72242886215326,0.911087801305724,1.07516587208324e-08,0.00013058964682323,"Mac2_pos"
"Gm42418",0.591299439756919,0.726249181212713,0.309377303710175,0.000598841576865784,1,"Mac2_pos"
"Rps4x",0.591122183833856,3.57176678137532,2.98317233637126,1.78861399255647e-22,2.17245055535909e-18,"Mac2_pos"
"Gsn",0.586917610822246,0.881129589229009,0.0939565819427277,1.81157500510212e-41,2.20033900119703e-37,"Mac2_pos"
"Fabp4",0.586514939867907,0.210140538948596,0.00153494718306301,3.04001730170422e-24,3.69240501464995e-20,"Mac2_pos"
"Gpr171",0.586126640414419,0.32252497281959,0.00116579933134418,9.55371516842546e-20,1.16039424435696e-15,"Mac2_pos"
"Klra2",0.583530481176433,0.359812359556206,0.00691058096419552,5.98063909523425e-38,7.26408424507152e-34,"Mac2_pos"
"Hnrnpa1",0.5804524283029,1.09987974592769,0.465976548714843,0.737519622811328,1,"Mac2_pos"
"Atp5h",0.580091935214449,1.82049608918472,1.01453378998516,1.10215807719627e-14,1.33868120056259e-10,"Mac2_pos"
"Eef1g",0.57843369975243,1.79036307694804,1.06787117674997,0.0319269644513719,1,"Mac2_pos"
"Sap30",0.574544978205629,0.590839571534837,0.109745584399298,1.75212200888547e-22,2.12812739199229e-18,"Mac2_pos"
"Pilra",0.573944478544116,0.51363145737798,0.139386578922511,2.09754986526341e-17,2.54768406634894e-13,"Mac2_pos"
"Rpl22",0.572836385476828,2.31938256142836,1.55660108217619,2.72111996739995e-12,3.30507231240398e-08,"Mac2_pos"
"Gm8730",0.572318217849791,1.36886815333115,0.652511776283167,0.0169989464683511,1,"Mac2_pos"
"Lst1",0.571571016162976,1.33027695386295,0.885452768794984,1.46997451054222e-25,1.78543104050459e-21,"Mac2_pos"
"Rps15",0.571463826454992,3.03043169911656,2.4038118370145,2.25155818570078e-19,2.73474257235217e-15,"Mac2_pos"
"Sri",0.570402742605872,1.08860819056864,0.409222550581093,2.30796813236678e-17,2.80325809357269e-13,"Mac2_pos"
"Rpl41",0.569973459024608,3.6165237857887,2.99774683823614,7.45010063989401e-14,9.04889223721526e-10,"Mac2_pos"
"Chmp4b",0.566950769907543,0.893067537335128,0.294280829034291,4.00936186460723e-16,4.86977092075194e-12,"Mac2_pos"
"Phf11b",0.566476271438754,0.524885347673657,0.114432318040846,8.74529925563822e-10,1.06220404758982e-05,"Mac2_pos"
"Fau",0.56599290941285,3.92424389207122,3.28405134177934,5.86491664447259e-42,7.12352775637641e-38,"Mac2_pos"
"Rpl11",0.564172422825346,3.21948740111027,2.60562950935128,1.81001812151778e-23,2.1984480103955e-19,"Mac2_pos"
"Rasgrp2",0.563466097227901,0.367049604796778,0.0159972671077722,1.9964691891957e-39,2.42491147719709e-35,"Mac2_pos"
"Cstb",0.562120255424605,1.03693489573445,0.504796329490902,0.000720476673128717,1,"Mac2_pos"
"Cycs",0.561853556244496,1.0838492209321,0.436331569791194,9.88425684885531e-06,0.120054183686197,"Mac2_pos"
"Glrx",0.560382898337798,0.48444859387024,0.0812803363908069,9.51804848725192e-16,1.15606216926162e-11,"Mac2_pos"
"Trps1",0.557418507185768,0.436336887557225,0.0286984609868986,6.07709881322512e-31,7.38124421854323e-27,"Mac2_pos"
"Rpl29",0.554894455983521,2.58633995603062,1.88596796441506,1.0785801716109e-11,1.3100434764386e-07,"Mac2_pos"
"D8Ertd738e",0.554685146483109,1.40453423982624,0.650330524741927,9.02520537674742e-17,1.09620144505974e-12,"Mac2_pos"
"Lilr4b",0.552919990971449,0.327596300025931,0.00260327521040434,1.86215195605064e-33,2.26176976581911e-29,"Mac2_pos"
"Tma7",0.552277033165104,1.42934296760148,0.705172393699121,1.21480166575351e-05,0.147549810322422,"Mac2_pos"
"Cd83",0.552206049538742,1.02806062604312,0.596446924138211,5.75561278966642e-06,0.0699076729432883,"Mac2_pos"
"Rps23",0.551544644147222,3.74829925815781,3.21504311278689,1.46059154364833e-20,1.77403448891526e-16,"Mac2_pos"
"Mnda",0.55130921624142,0.322084540906741,0.00840229464859183,1.05668807550471e-20,1.28345333650802e-16,"Mac2_pos"
"Rpl15",0.551192454932796,2.10774336183275,1.38011405645294,8.96935528076242e-12,1.0894178924014e-07,"Mac2_pos"
"Rpl3",0.550904534488102,3.04132475109747,2.53424089883686,1.24213529899837e-34,1.50869753416342e-30,"Mac2_pos"
"Rel",0.54822608688577,0.644012744219349,0.188928647538796,2.25969520437971e-08,0.000274462579523959,"Mac2_pos"
"Psme2",0.547918506772417,1.22364879400687,0.586353615687054,3.96239112969133e-05,0.481272026612308,"Mac2_pos"
"Eif5a",0.545793096644564,1.71372105471292,1.00906579304612,0.000208349866514784,1,"Mac2_pos"
"Aprt",0.54525693851539,0.698786443154611,0.238798820601476,6.55359973400939e-10,7.9600022369278e-06,"Mac2_pos"
"Fabp5",0.545044922043473,0.331748464161976,0.043878917728098,1.61423134721064e-12,1.96064539432204e-08,"Mac2_pos"
"Rpl37a",0.544714873051465,3.6956854556535,3.09824732786106,6.68168224488042e-19,8.11557125463176e-15,"Mac2_pos"
"Ccr1",0.544238297212661,0.386538584282013,0.0463328405909753,5.18167244196453e-15,6.29365934801011e-11,"Mac2_pos"
"Myl12a",0.54399645618966,1.67544243394519,0.905871324530882,8.34340965265282e-16,1.01339053641121e-11,"Mac2_pos"
"Ldha",0.542826073565861,1.43151643913519,0.708525133352759,7.72475830847759e-11,9.38249144147688e-07,"Mac2_pos"
"Klf4",0.541716383741942,0.619326793844404,0.147291240890825,8.65256255205747e-22,1.0509402475729e-17,"Mac2_pos"
"Rgs18",0.541349428034991,0.373283640718584,0.00293198923273725,6.58953350392201e-40,8.00364739386367e-36,"Mac2_pos"
"Rpl12",0.540795845376763,2.31092816687949,1.66759282138401,1.7357786577703e-06,0.021082767577278,"Mac2_pos"
"Olfm1",0.538370815122774,0.382866564850805,0.00341932677788243,1.46949615402009e-25,1.78485002867281e-21,"Mac2_pos"
"Lmo1",0.53756986271116,0.375282997928188,0.00425583182700442,3.97635056300307e-23,4.82967539382353e-19,"Mac2_pos"
"Mrpl30",0.537516427155722,0.84777629079338,0.280810648194762,1.37231821120888e-06,0.016668176993343,"Mac2_pos"
"Ndufa6",0.537467556507252,1.47604956387563,0.749873060786837,2.30691142607419e-13,2.80197461810971e-09,"Mac2_pos"
"Cd244",0.53744585740423,0.375704950171659,0.0108660177735706,2.05988432275161e-36,2.50193549841411e-32,"Mac2_pos"
"Tpd52",0.536914154574359,0.899108685034131,0.368917903830266,5.3323593581158e-13,6.47668367636745e-09,"Mac2_pos"
"Ly6i",0.536561139204922,0.232661696083956,0.00331564886866415,1.99357191535472e-26,2.42139244838985e-22,"Mac2_pos"
"Slfn1",0.536301421303552,0.311557165695159,0,3.53302348554052e-33,4.29121032553752e-29,"Mac2_pos"
"Alcam",0.536297395633076,0.390878082703849,0.00799519188531508,4.30876390381307e-23,5.23342463757136e-19,"Mac2_pos"
"Epsti1",0.53574833231472,0.645080714310139,0.202529474990534,2.21224971740033e-10,2.68699850675444e-06,"Mac2_pos"
"Ftl1",0.535367637964413,4.02076691413776,3.50628889099354,3.65510131254513e-17,4.43948605421731e-13,"Mac2_pos"
"Gda",0.533741335573671,0.314068942802804,0.00596605178013057,7.2931051728495e-30,8.858205542943e-26,"Mac2_pos"
"Tmem51",0.533472828730105,0.344841242597663,0.0104730803672484,4.71859047490506e-34,5.73119999081968e-30,"Mac2_pos"
"Serpinb10",0.532972437763042,0.264546818974658,0,2.24156634077852e-29,2.72260647750959e-25,"Mac2_pos"
"Gltscr2",0.53286522954466,1.2549756207171,0.57357507432931,2.3106262057529e-06,0.0280648658950747,"Mac2_pos"
"Lrg1",0.532008212331535,0.199662576345239,0.00773522409278355,2.56530684780486e-17,3.11582169734379e-13,"Mac2_pos"
"Rpl36",0.531087580963745,2.73652083825428,2.15561065674791,2.05242860392038e-22,2.49287978232169e-18,"Mac2_pos"
"Eif4ebp1",0.53001053003296,0.662374866346685,0.167899901001088,3.73939911871143e-15,4.54187416958691e-11,"Mac2_pos"
"Rbms1",0.52932521924555,0.631071193858597,0.138449018327151,5.89273861092943e-17,7.15732031683488e-13,"Mac2_pos"
"Psmb9",0.52922011291028,0.909281971153029,0.354295679878995,2.94469152624586e-09,3.57662232777823e-05,"Mac2_pos"
"H2-Oa",0.527146899298955,0.607860241331737,0.217220245744784,0.115251305395727,1,"Mac2_pos"
"Sell",0.526205932988793,0.293333119027817,0.000679248291846719,2.71022800623628e-30,3.29184293637458e-26,"Mac2_pos"
"Sema4a",0.52553252898337,0.398014657953086,0.0153152094794264,1.34492758711903e-33,1.63354904731477e-29,"Mac2_pos"
"Rpl6",0.524790010609832,3.21650707467223,2.64937358214664,1.73854681791795e-19,2.11163896504314e-15,"Mac2_pos"
"Csrnp1",0.523114671240019,0.427507094818841,0.0588232286004769,2.33694049743842e-15,2.8384479281887e-11,"Mac2_pos"
"Cmpk1",0.522612673869943,0.972899476784341,0.386430560431934,3.81041251053011e-14,4.62812703528988e-10,"Mac2_pos"
"H3f3b",0.521693897248537,3.16073772636576,2.58857728488389,6.65501662894347e-26,8.08318319751474e-22,"Mac2_pos"
"Emilin2",0.520482529405054,0.334590189501073,0.00123399891211773,3.94138559052171e-41,4.78720693824767e-37,"Mac2_pos"
"Lsm4",0.51965116671728,0.777076597232966,0.253562400705424,2.65460809265173e-06,0.0322428698933479,"Mac2_pos"
"Smdt1",0.519555033343928,1.19597759352505,0.540383965200873,0.00118554474906902,1,"Mac2_pos"
"Uqcrfs1",0.518043738087011,1.03165035895997,0.421793409905499,2.30450771250322e-09,2.79905506760641e-05,"Mac2_pos"
"Hint1",0.517091769437703,1.52842773423973,0.83339325412458,0.112146960200732,1,"Mac2_pos"
"Fgl2",0.516801184371372,0.35335982894753,0.0196679251547607,3.41736444545606e-19,4.15073085545093e-15,"Mac2_pos"
"Rpl38",0.515857775502582,2.91269154431783,2.31271198495286,1.98703774060114e-22,2.41345603973414e-18,"Mac2_pos"
"Rpl10",0.515305354313984,3.652151916977,3.16455424523291,6.41495916833932e-19,7.79160940586494e-15,"Mac2_pos"
"Cd209d",0.514531231493083,0.184549663665233,0.00168126420142012,4.77207497436237e-09,5.79616226386054e-05,"Mac2_pos"
"Prdx1",0.514222266421164,1.72429787223814,1.08297191693752,0.000307506385594027,1,"Mac2_pos"
"H2-Q7",0.513872971681051,0.354540832188183,0.0347645769742041,3.98398878184409e-18,4.83895277442783e-14,"Mac2_pos"
"Treml4",0.513455557570161,0.255813359688182,0.00229479557138149,3.34222492640284e-29,4.05946639560889e-25,"Mac2_pos"
"Spp1",0.51153562730644,0.225346895745111,0.02292909825346,0.000222414534966552,1,"Mac2_pos"
"Csf2ra",0.510520214214431,0.725074662824394,0.203553593954185,2.42226203652629e-15,2.94207946956483e-11,"Mac2_pos"
"Stmn1",0.508968169815869,0.378701800072685,0.203793372867524,0.000139073853708058,1,"Mac2_pos"
"Gyg",0.508651192706786,0.513940389175563,0.112069714322295,3.9806794161488e-25,4.83493321885433e-21,"Mac2_pos"
"Fn1",0.50633701388292,0.28565233802201,0.0131305127235052,7.6684704616173e-17,9.31412422268037e-13,"Mac2_pos"
"Ifit3",0.504531979610912,0.22821957310752,0.0328639170989448,6.64986865768486e-07,0.00807693047162403,"Mac2_pos"
"F13a1",0.50220705977976,0.263853096048173,0.00753519573192195,2.29038442181438e-17,2.78190091873575e-13,"Mac2_pos"
"Bcl2a1a",0.501105071439595,0.539078086611928,0.223438784782283,0.000223111252726039,1,"Mac2_pos"
"Ifngr2",-0.500216863354747,0.532083702302414,0.819157946681535,1.06609916795614e-15,1.29488404939953e-11,"Mac2_pos"
"Itpr2",-0.501011767509195,0.089825781050653,0.348318261385911,5.74210520680302e-11,6.97436098418295e-07,"Mac2_pos"
"B4gat1",-0.502423450522607,0.0549932070510894,0.313173157367784,1.96043285343644e-13,2.3811417437839e-09,"Mac2_pos"
"Fbrsl1",-0.502841602153031,0.130793824497157,0.400329370543084,5.37776215737968e-13,6.53182991635336e-09,"Mac2_pos"
"Nmt1",-0.505210253887325,0.362523910775341,0.650995771585235,3.31775763541497e-18,4.02974842397502e-14,"Mac2_pos"
"M6pr",-0.505782113046986,0.638061058857813,0.961722022650186,2.50907113405959e-26,3.04751779942878e-22,"Mac2_pos"
"Cnpy3",-0.506035354975662,0.368083227707703,0.661706349665337,2.80982358087223e-17,3.41281172132741e-13,"Mac2_pos"
"mt-Nd2",-0.507357457907316,1.08277430857477,1.41210741638356,5.51180443321102e-37,6.6946376645781e-33,"Mac2_pos"
"Rtn3",-0.510266851274799,0.523687480499271,0.828966846052385,4.18674882140922e-18,5.08522511848364e-14,"Mac2_pos"
"Orai1",-0.511014809184729,0.540610094188235,0.844817447614156,1.67043073942717e-13,2.02890517610824e-09,"Mac2_pos"
"Capza2",-0.512773641148282,1.51423994343387,1.97178030537711,1.64051615345021e-23,1.99257091998063e-19,"Mac2_pos"
"Acads",-0.514937234523773,0.153003496290131,0.433029831152231,3.13317226361321e-17,3.80555103138461e-13,"Mac2_pos"
"Ddrgk1",-0.515827016166255,0.465985563403288,0.76645777236934,4.46180302759026e-19,5.41930595731113e-15,"Mac2_pos"
"Ktn1",-0.516026602910255,0.147279788493161,0.418974912423661,2.64805019944683e-13,3.21632177224812e-09,"Mac2_pos"
"Bmp2k",-0.516646698541789,0.160814516827018,0.415605434150488,1.4949664494392e-13,1.81578624948885e-09,"Mac2_pos"
"AF251705",-0.517655403454219,1.09244042054744,1.59107766579482,2.00789750690284e-11,2.43879231188419e-07,"Mac2_pos"
"Vkorc1",-0.517789430016325,0.21000420230184,0.491176323945249,2.18411719245575e-22,2.65282874195676e-18,"Mac2_pos"
"Tmco1",-0.519650967413331,0.589489172442268,0.909800783650771,4.08616952326764e-17,4.96306150296087e-13,"Mac2_pos"
"Ddah2",-0.519807774683157,0.0180611672697276,0.295754463562327,7.64957272111517e-24,9.29117102706649e-20,"Mac2_pos"
"Plekho1",-0.52062595067792,0.348470129900329,0.636301307180936,7.20467854009523e-21,8.75080255479966e-17,"Mac2_pos"
"Abhd17c",-0.521705370264171,0.0868706318680701,0.365509054005703,4.47547686074104e-12,5.43591419505607e-08,"Mac2_pos"
"Smox",-0.522690295321446,0.0893326917598357,0.373393226518684,1.60151819820667e-14,1.94520400354182e-10,"Mac2_pos"
"Leprot",-0.522803132465253,0.362755757237595,0.662067880571087,2.56463281689907e-15,3.11500301940561e-11,"Mac2_pos"
"Gusb",-0.52324885136951,0.517371455370007,0.854030634673293,4.66258984622893e-21,5.66318162722966e-17,"Mac2_pos"
"Ski",-0.523468832614283,0.086775628530749,0.355560828133389,9.85200706150271e-21,1.19662477769012e-16,"Mac2_pos"
"Zbtb20",-0.524156905237593,0.203331049608022,0.442914817508324,6.53389221001322e-11,7.93606547828206e-07,"Mac2_pos"
"Chst7",-0.525062241625678,0.0106737455705944,0.283771640651388,2.22781956635726e-17,2.70590964529753e-13,"Mac2_pos"
"Slc12a9",-0.525657314097183,0.157504742360971,0.428546439677477,1.57292153160051e-12,1.91047049228198e-08,"Mac2_pos"
"mt-Nd4l",-0.529158204180229,0.285182280199903,0.549743376801934,1.08578445984833e-15,1.31879380493179e-11,"Mac2_pos"
"Dync1i2",-0.529450467052714,0.362178938855596,0.661563682320207,5.24486820230082e-15,6.37041691851458e-11,"Mac2_pos"
"Tmem33",-0.529628542670468,0.307297381796703,0.606089178421559,6.72661129364636e-15,8.17014207726287e-11,"Mac2_pos"
"Dst",-0.530392795573414,0.0380357222535983,0.318537140460101,1.21140244403074e-17,1.47136940851973e-13,"Mac2_pos"
"Prkab1",-0.532192753108197,0.0801672361178179,0.370142438502524,3.12427716531004e-09,3.79474704498557e-05,"Mac2_pos"
"Pdia6",-0.53334700413378,0.871704859976407,1.33590149623216,3.5522519787443e-28,4.31456525338283e-24,"Mac2_pos"
"Mlph",-0.533782144348594,0.0125317295203013,0.285235739042289,9.53489070988819e-13,1.15810782562302e-08,"Mac2_pos"
"Runx1",-0.534296815537572,0.313230813887757,0.547174629871896,2.67173935324323e-10,3.24509461844923e-06,"Mac2_pos"
"Slc11a1",-0.535032950017029,0.318643380241795,0.687019952801017,4.59545595309818e-07,0.00558164080063304,"Mac2_pos"
"Comtd1",-0.53670905227155,0.0850670974534965,0.377926852012651,1.00624038801121e-15,1.22217957527841e-11,"Mac2_pos"
"Camk2n1",-0.538446775288092,0.036388152551908,0.325211365698619,1.64946149832099e-15,2.00343593586068e-11,"Mac2_pos"
"Lrp1",-0.540390619398253,0.27829823746379,0.6148242917017,9.14692593772345e-13,1.11098562439589e-08,"Mac2_pos"
"Tmem50a",-0.540740366727143,1.19105958636206,1.67879563401596,3.92124189030024e-17,4.76274039995867e-13,"Mac2_pos"
"Ptp4a3",-0.541479223386499,0.248633631136443,0.588000643371774,1.57310701929777e-11,1.91069578563907e-07,"Mac2_pos"
"Rilpl1",-0.544389386564614,0.0406298687385974,0.333103330419052,1.58074980644418e-16,1.9199787149071e-12,"Mac2_pos"
"Tmed9",-0.545802166661507,0.849445010996908,1.25417216948489,9.4950633279545e-20,1.15327039181335e-15,"Mac2_pos"
"Eng",-0.546522760275245,0.0409615698737989,0.313948517506381,2.36542659259896e-12,2.87304713937069e-08,"Mac2_pos"
"Pkig",-0.548057608251022,0.316445856516637,0.644100678111179,6.01565050057948e-35,7.30660909800383e-31,"Mac2_pos"
"Prex1",-0.548164457473692,0.292811136856667,0.604630540770233,1.29660084596314e-10,1.57485138750683e-06,"Mac2_pos"
"Rnf7",-0.551574732517626,0.48911735633093,0.820939095959232,8.96606209975476e-26,1.08901790263621e-21,"Mac2_pos"
"Serpinf1",-0.551905177169247,0.0759607816104182,0.359925096403874,1.47215268651244e-22,1.78807665303801e-18,"Mac2_pos"
"Dnajb9",-0.552735808864502,0.161933786124373,0.475648042832644,8.59561946829487e-10,1.0440239406191e-05,"Mac2_pos"
"Capn3",-0.553261851910259,0.0134936706952716,0.300988459431203,1.80115762047223e-20,2.18768604582557e-16,"Mac2_pos"
"Cd180",-0.554099897648828,0.239273681716095,0.540875549648067,5.96128485623884e-17,7.24057658638769e-13,"Mac2_pos"
"Tspan31",-0.554140008756917,0.330886044902891,0.649913635761381,4.57988041948767e-22,5.56272275750973e-18,"Mac2_pos"
"Mfsd11",-0.558132599280836,0.073708448174826,0.369275457998151,1.42742897102762e-14,1.73375522821014e-10,"Mac2_pos"
"Derl1",-0.558224196483466,0.483607006216914,0.807889994249759,1.5033820735432e-21,1.82600786652557e-17,"Mac2_pos"
"Xlr",-0.560338498221809,0.119705271812147,0.453578336375905,1.21385084922015e-20,1.4743432414628e-16,"Mac2_pos"
"Rtn4",-0.560370875987297,0.780339827535197,1.19255997145434,5.89089901061525e-24,7.15508593829328e-20,"Mac2_pos"
"Slc46a1",-0.560456348236621,0.0146180395647602,0.305892201862294,1.14224259297552e-19,1.38736785342807e-15,"Mac2_pos"
"Akirin2",-0.561166634051357,0.27774198719853,0.599776833733131,2.651320728125e-16,3.22029415638062e-12,"Mac2_pos"
"Aga",-0.561454699900398,0.117002108486444,0.425098451838088,4.24226890591705e-16,5.15265981312685e-12,"Mac2_pos"
"Tgfb1",-0.563532606634726,1.1145791136818,1.57994979520295,6.53322160224634e-22,7.9352509580884e-18,"Mac2_pos"
"Tnfrsf21",-0.564010330566084,0.143454795141446,0.450034391545937,3.50397106924113e-13,4.25592326070028e-09,"Mac2_pos"
"Mob3c",-0.566065834768331,0.0739457126748502,0.35941343772376,4.77604553895962e-13,5.80098491162036e-09,"Mac2_pos"
"Lyl1",-0.566506592305264,0.361509331176629,0.704836973884803,7.64119509978402e-13,9.28099556819767e-09,"Mac2_pos"
"BC037034",-0.567356766450551,0.121823976800511,0.424063435653258,2.24942774804184e-12,2.73215494277161e-08,"Mac2_pos"
"Map1lc3a",-0.567759739635238,0.246783978367697,0.565061310536019,1.53253454850589e-20,1.86141646261525e-16,"Mac2_pos"
"Nagpa",-0.567789542079291,0.225931192111343,0.55101337429597,9.82732417235711e-16,1.19362679397449e-11,"Mac2_pos"
"Txndc15",-0.567932683950058,0.285521035500566,0.622742148625976,7.76502514590729e-21,9.43139954221899e-17,"Mac2_pos"
"Il1a",-0.568324495835855,0.0571711830621293,0.35968637878876,3.25879574081791e-19,3.95813330679743e-15,"Mac2_pos"
"Rasal3",-0.568605793160731,0.0788741196040416,0.401743739300669,1.11014139734825e-13,1.34837774121919e-09,"Mac2_pos"
"Slc7a8",-0.569778975998534,0.0328273754078518,0.340469769947191,3.95521701355008e-19,4.80400658465793e-15,"Mac2_pos"
"Slc35b2",-0.570439872541219,0.160188156015981,0.495545514629853,3.83527126323231e-23,4.65832047632196e-19,"Mac2_pos"
"Tcirg1",-0.571929923889064,0.179591167109597,0.503593473376908,8.91853536543611e-14,1.08324530548587e-09,"Mac2_pos"
"Gmpr",-0.57527162270094,0.0231455810523395,0.343922598071891,1.80696698976107e-25,2.1947421057638e-21,"Mac2_pos"
"Fus",-0.576517886598301,0.853386241595755,1.29179111658432,1.15652393814882e-14,1.40471397527556e-10,"Mac2_pos"
"Cnpy2",-0.577626216288866,0.350253437011313,0.688318886235892,1.62746853163076e-25,1.97672327851872e-21,"Mac2_pos"
"Ergic3",-0.579862031972673,0.520697141930871,0.897631488385342,1.02533253508475e-30,1.24536889711393e-26,"Mac2_pos"
"Scarb2",-0.58070855580902,0.231998797998061,0.570169906405766,8.69318989807637e-21,1.05587484502036e-16,"Mac2_pos"
"Col27a1",-0.581445852354167,0.0204581780697699,0.323515621655792,1.6582411921085e-24,2.01409975193499e-20,"Mac2_pos"
"Apbb1ip",-0.582527114664929,0.684747740194434,1.11149581412574,4.6797213857889e-11,5.68398959517919e-07,"Mac2_pos"
"Rcsd1",-0.583208600091209,0.240402767004464,0.575880594042592,2.56938204924254e-13,3.12077143701000e-09,"Mac2_pos"
"Spcs2",-0.584423441335954,0.956679537032169,1.48097418235273,2.94688063830139e-25,3.57928122328087e-21,"Mac2_pos"
"Snx18",-0.58905632994534,0.177648353012197,0.529369826284153,9.09544996205511e-15,1.10473335239121e-10,"Mac2_pos"
"Git2",-0.589445722764774,0.347132516607318,0.687628595571037,3.58990093361505e-23,4.36029367396884e-19,"Mac2_pos"
"Grap",-0.590826746782805,0.0507962993427686,0.376801865040805,6.76455586306597e-25,8.21622955127993e-21,"Mac2_pos"
"Jmjd1c",-0.591390801042108,0.245069641787348,0.608746783969454,8.49855232601604e-17,1.03223416551791e-12,"Mac2_pos"
"Jam2",-0.59139931503841,0.0156749281244474,0.332366120216684,1.46461063696675e-20,1.77891607965982e-16,"Mac2_pos"
"Mzt2",-0.591762452719682,0.0860707881332049,0.423164181708272,3.6198515950157e-25,4.39667174730607e-21,"Mac2_pos"
"Ppfia4",-0.592943957876902,0.432383228536029,0.789490339561395,1.34135466533997e-29,1.62920937652192e-25,"Mac2_pos"
"Tnfaip8l2",-0.594451703942044,0.56675910398158,1.00399371658957,3.24246572066173e-13,3.93829886431574e-09,"Mac2_pos"
"Idh2",-0.594476103268021,0.233324855864202,0.563932051185914,6.16612088674799e-26,7.48937042904411e-22,"Mac2_pos"
"3222401L13Rik",-0.594601574667828,0.0140916805989468,0.323752365692368,2.62516225281789e-14,3.18852207227261e-10,"Mac2_pos"
"Srrm2",-0.595059830803977,0.834490107345852,1.27347634529903,1.08648297128203e-16,1.31964221691915e-12,"Mac2_pos"
"Emc3",-0.595925360294777,0.27565048003369,0.63155656601577,2.05862400342834e-20,2.50040471456406e-16,"Mac2_pos"
"Hhex",-0.597675892068717,0.309045228453294,0.662231146246178,8.56835068817043e-17,1.04071187458518e-12,"Mac2_pos"
"Naa35",-0.598092065128496,0.144868709108443,0.485044133449314,2.29142608913637e-14,2.78316612786504e-10,"Mac2_pos"
"B4galt4",-0.598676093395499,0.120061132457909,0.444153822732729,6.25128820751528e-19,7.59281465684806e-15,"Mac2_pos"
"Prkca",-0.599294027316201,0.0250941926718632,0.352525979707441,1.92255069576167e-18,2.33513007507213e-14,"Mac2_pos"
"Rtn4rl1",-0.599412010271151,0.00932716294594205,0.328473274606263,6.19311620494331e-24,7.52215894252414e-20,"Mac2_pos"
"Tram1",-0.600704760923434,0.499003619793305,0.881776736423643,1.54119849267654e-21,1.87193968920493e-17,"Mac2_pos"
"Oxct1",-0.602825735974787,0.271500748458224,0.616414748432939,4.08276353129835e-32,4.95892458511498e-28,"Mac2_pos"
"Clec5a",-0.602888365068643,0.134629996678534,0.473217680249932,1.6512345998046e-22,2.00558954492267e-18,"Mac2_pos"
"Agmo",-0.603008285412474,0.0132404454737901,0.34437791195016,3.12057977095957e-19,3.79025618980749e-15,"Mac2_pos"
"Irf2bpl",-0.605620116662369,0.0972912400823726,0.418163068149825,1.36536738603409e-18,1.658375227077e-14,"Mac2_pos"
"Eef2k",-0.606449203501546,0.0414509118622876,0.387213488694725,9.05074480561083e-18,1.09930346408949e-13,"Mac2_pos"
"Clptm1",-0.606691285120874,0.275849328054309,0.630230771120231,7.49627647985113e-20,9.10497741242718e-16,"Mac2_pos"
"Ptpra",-0.6069490544957,0.261490610104762,0.619333964710513,1.37734875441716e-19,1.67292779711508e-15,"Mac2_pos"
"Pnisr",-0.607407472016403,0.347243630680137,0.714219510447564,7.33785572203861e-12,8.9125595599881e-08,"Mac2_pos"
"Dip2b",-0.608844747924413,0.0616687678751142,0.373881238760226,9.46899574042581e-15,1.15010422263212e-10,"Mac2_pos"
"Pttg1ip",-0.61010437486404,0.240785512934112,0.608110406589353,4.75214210783347e-18,5.77195180417453e-14,"Mac2_pos"
"Ociad1",-0.610334510990523,0.535209232781881,0.928339385683579,2.06771859078957e-24,2.51145100037302e-20,"Mac2_pos"
"Sypl",-0.611378073268868,0.303278571713697,0.690589330351898,3.03784467590259e-16,3.68976614335128e-12,"Mac2_pos"
"Fam134b",-0.611639104870615,0.264919962715943,0.630311218315493,3.655960576939e-16,4.44052971675011e-12,"Mac2_pos"
"Pde3b",-0.611953879651668,0.0457211219195381,0.384552617710618,7.25281437458375e-21,8.80926833936943e-17,"Mac2_pos"
"Adam15",-0.614046729207723,0.212081888451259,0.577832648965588,7.34672496889483e-28,8.92333214721966e-24,"Mac2_pos"
"Mgat4a",-0.61498180186209,0.0988945710450006,0.428093251081116,1.89008990330105e-16,2.29570319654945e-12,"Mac2_pos"
"Vav1",-0.616936248545892,0.271468849730231,0.646956503752796,2.82469598949829e-15,3.43087574884463e-11,"Mac2_pos"
"Snrk",-0.617247359068336,0.138731075566121,0.483767519560495,3.95542282638692e-13,4.80425656492956e-09,"Mac2_pos"
"Impact",-0.619564126338179,0.141328306354645,0.431903757253928,2.30568967387174e-12,2.80049067788462e-08,"Mac2_pos"
"Lap3",-0.621381312219532,0.154560978870094,0.505740065789704,9.9425835543243e-23,1.20762619850823e-18,"Mac2_pos"
"Snta1",-0.621692582512064,0.03337190654378,0.372081535616035,1.15159227753381e-23,1.39872398029257e-19,"Mac2_pos"
"mt-Cytb",-0.622228846924822,1.9985939991135,2.59352814475322,2.66564819097582e-48,3.23769629275923e-44,"Mac2_pos"
"Atp6ap1",-0.62285324391246,0.647933037674433,1.091362136966,5.00420999477086e-22,6.07811345964868e-18,"Mac2_pos"
"Mgll",-0.624172599640715,0.0378166848960872,0.371290764777015,7.41198525605766e-16,9.00259729200763e-12,"Mac2_pos"
"Slc40a1",-0.627961106000067,0.0458367552342051,0.383040340663186,2.60946065178145e-17,3.16945090765375e-13,"Mac2_pos"
"Zeb2os",-0.62823087151149,0.288425618865159,0.677591107770192,2.46985816110462e-19,2.99988972247768e-15,"Mac2_pos"
"Herc2",-0.628455548088674,0.0749258740417499,0.422757249933803,1.78715968013914e-17,2.170684147497e-13,"Mac2_pos"
"Fam102b",-0.629253399760024,0.083858622350189,0.42846556364597,5.21516559081606e-21,6.33434012660519e-17,"Mac2_pos"
"Ctso",-0.62943155635906,0.150201888947816,0.521659110388644,2.82872790297238e-16,3.43577291095025e-12,"Mac2_pos"
"Dnase2a",-0.629829618850628,0.213627153210895,0.590967592388787,4.88023159843029e-17,5.92752929945343e-13,"Mac2_pos"
"Iffo1",-0.630622413792505,0.059317715699343,0.398235760374152,1.56256653784888e-14,1.89789331687125e-10,"Mac2_pos"
"Pdia4",-0.630679256394206,0.254582852254014,0.640148473242817,7.13736629880534e-17,8.66904510652897e-13,"Mac2_pos"
"Pon3",-0.63073489337417,0.0600566244474241,0.423345132271801,8.33464375523667e-27,1.01232583051105e-22,"Mac2_pos"
"Cd86",-0.632933057794607,0.471025447725249,0.899853988619882,1.09268534375038e-19,1.32717561851921e-15,"Mac2_pos"
"Tmem63a",-0.635018653937396,0.0576833910296963,0.40370462642589,6.81207030673146e-20,8.27394059455603e-16,"Mac2_pos"
"Commd8",-0.635948927498002,0.604208325201942,1.04823319706515,4.72709900283362e-38,5.74153444884172e-34,"Mac2_pos"
"Itga6",-0.636956079246913,0.0399123556707932,0.389042198166072,2.03952103300436e-24,2.47720224668709e-20,"Mac2_pos"
"Mlxipl",-0.638958032838898,0.0166158810621749,0.357421392801873,2.74455551743471e-20,3.3335371314762e-16,"Mac2_pos"
"Ndfip2",-0.642234554241659,0.230307583715396,0.627285778614296,1.78825407849908e-23,2.17201340374498e-19,"Mac2_pos"
"Naglu",-0.64348559089509,0.0803128307924825,0.452563096094978,8.296827853833e-23,1.00773271112656e-18,"Mac2_pos"
"Evl",-0.644918167227743,0.441192292281125,0.954547969689187,7.84323271485125e-13,9.52639045545832e-09,"Mac2_pos"
"Cd151",-0.645185012666183,0.0632714692279464,0.434982697911198,1.07275983972082e-19,1.30297410132491e-15,"Mac2_pos"
"Canx",-0.646203509359888,0.498029213631036,0.932130717262276,5.37316982765206e-26,6.52625207266619e-22,"Mac2_pos"
"Slc3a2",-0.647766127614767,0.8441264568685,1.34710475488119,1.28068956732193e-27,1.55552554846921e-23,"Mac2_pos"
"Pld3",-0.64804215302702,0.118985802874431,0.565191284702241,6.90370300088302e-25,8.38523766487251e-21,"Mac2_pos"
"Kcnk13",-0.648463771171431,0.0430065056216664,0.414102695741539,8.05112455395271e-22,9.77889588323096e-18,"Mac2_pos"
"Spint1",-0.651471932592361,0.141987323246827,0.501133741194183,3.17130938475648e-21,3.85187237872523e-17,"Mac2_pos"
"Gp9",-0.652891746635535,0.00880850362938045,0.356163307188894,5.09534606095261e-23,6.18880732563304e-19,"Mac2_pos"
"Mfng",-0.653055682515795,0.177216702614862,0.552268169424073,1.13790877515495e-27,1.38210399830321e-23,"Mac2_pos"
"Snx17",-0.653531702307025,0.349248944195233,0.757303174532508,1.03425774020952e-26,1.25620945125848e-22,"Mac2_pos"
"Atp6ap2",-0.65481358758296,0.522585816636035,0.982814006994894,4.63510033489297e-21,5.629792866761e-17,"Mac2_pos"
"Nav3",-0.655360530526563,0.013541295834693,0.358573026420251,8.43827667400196e-18,1.02491308482428e-13,"Mac2_pos"
"Bhlhe41",-0.655650471132745,0.00969559031759245,0.337143955060468,1.49742366904211e-25,1.81877078841854e-21,"Mac2_pos"
"Plpp1",-0.656502637629886,0.0237064221167536,0.315221957740049,5.8709269265976e-23,7.13082784504545e-19,"Mac2_pos"
"Pdk1",-0.659012490588924,0.0468086024824618,0.391859345440662,7.2538666843492e-18,8.81054647481054e-14,"Mac2_pos"
"Tcf4",-0.659026818066523,0.22556944175499,0.609377937477421,1.47202680268129e-16,1.78792375453669e-12,"Mac2_pos"
"Sec62",-0.660206149832223,0.56562554686688,1.01035440784897,6.39639700965223e-25,7.7690638079236e-21,"Mac2_pos"
"Calr",-0.660904289810364,1.00957801167418,1.67881454717678,3.64746064885385e-42,4.43020570409789e-38,"Mac2_pos"
"Cryba4",-0.662021102043737,0.0345728267926568,0.390440040988892,3.3300839738894e-17,4.04471999468607e-13,"Mac2_pos"
"Snx29",-0.662118173955005,0.0384712967295245,0.387748686105296,1.03995216198919e-13,1.26312589595207e-09,"Mac2_pos"
"Havcr2",-0.662751554888247,0.165962490364155,0.538452567306336,1.11478541462827e-20,1.3540183646075e-16,"Mac2_pos"
"Inpp5d",-0.663464519553662,0.33357759235359,0.755304173696293,8.33024947139186e-23,1.01179210079526e-18,"Mac2_pos"
"Csmd3",-0.663974213595927,0.00710909917075515,0.357734592653683,1.76323342570449e-15,2.14162331886067e-11,"Mac2_pos"
"Rab14",-0.665259143171565,0.727482638870006,1.20258868517546,6.29637844860197e-36,7.64758126367196e-32,"Mac2_pos"
"Cebpzos",-0.665821162384162,0.196687179763405,0.593597189639334,3.78134346145927e-29,4.59281976828843e-25,"Mac2_pos"
"Tsc22d4",-0.668643387641842,0.494849733039753,0.951852120426527,3.18507225834862e-20,3.86858876499024e-16,"Mac2_pos"
"Nisch",-0.671270335821783,0.251749866826085,0.643748469331563,3.31021177717606e-16,4.02058322455805e-12,"Mac2_pos"
"C3ar1",-0.6721416458363,0.181668154473657,0.637483903770289,5.81084088512143e-21,7.05784733906848e-17,"Mac2_pos"
"Rpn2",-0.672327686261325,0.636137071309364,1.12573546531739,7.74431484166146e-38,9.40624480668202e-34,"Mac2_pos"
"Pik3r1",-0.672928321262572,0.333123278353328,0.71188261732212,6.98859652529106e-19,8.48834933961852e-15,"Mac2_pos"
"Abhd6",-0.673908840732667,0.0368018503964861,0.429786101521655,9.98380608991893e-22,1.21263308768155e-17,"Mac2_pos"
"Taz",-0.67444678487517,0.177931273925527,0.58829984452459,2.09207571934176e-22,2.5410351687125e-18,"Mac2_pos"
"Stard3",-0.675807934856769,0.253293854433736,0.653035430495556,2.99554567496766e-21,3.63838977681572e-17,"Mac2_pos"
"Fchsd2",-0.678364307453428,0.060603064290105,0.40845066527458,3.27955134662391e-17,3.9833430656094e-13,"Mac2_pos"
"Mtus1",-0.680494654314532,0.132113256491375,0.54163065323908,4.17304092070221e-14,5.06857550228491e-10,"Mac2_pos"
"Ifi27",-0.681591019919497,0.272481805735659,0.69784297493607,3.3995068945951e-23,4.12904107417521e-19,"Mac2_pos"
"Vimp",-0.681691398810991,0.518032948469424,0.994346991039201,7.06716476500463e-28,8.58377832357463e-24,"Mac2_pos"
"Lamp2",-0.682341842003541,0.658905847618752,1.22124527446723,1.04255539510499e-20,1.26628778289452e-16,"Mac2_pos"
"Gm13889",-0.683546388466092,0.0263625461859506,0.284751900826935,2.12198922510876e-13,2.57736811281709e-09,"Mac2_pos"
"Ywhah",-0.683879490661485,1.26906505563235,1.86816080303925,1.30075205418664e-50,1.57989344501509e-46,"Mac2_pos"
"Cd33",-0.686486975851952,0.288538296031118,0.747166463387258,1.86008293339276e-19,2.25925673089885e-15,"Mac2_pos"
"Lmo2",-0.687308992477246,0.427778163203126,0.891713622084005,1.30802422055242e-25,1.58872621828296e-21,"Mac2_pos"
"Arl4c",-0.688259114443873,0.468573106838538,0.910155638675765,4.27136681117893e-19,5.18800212885793e-15,"Mac2_pos"
"Hps4",-0.688941032887955,0.0807823747619461,0.473874942828251,8.60365626369113e-22,1.04500008978792e-17,"Mac2_pos"
"Hsp90b1",-0.690680083321677,1.00447166281302,1.66419480907215,4.06013629446152e-44,4.93144154325297e-40,"Mac2_pos"
"Nfic",-0.692279466287498,0.194520463974528,0.604310353196886,3.5011905977274e-23,4.2525460999997e-19,"Mac2_pos"
"Mgat1",-0.693788113998996,0.194730613007757,0.621497894536928,1.96551513590453e-20,2.38731468406964e-16,"Mac2_pos"
"Slc7a7",-0.694217280294113,0.111339129001199,0.511246250320748,5.76106798721694e-21,6.9973931772737e-17,"Mac2_pos"
"Tmbim6",-0.697091448694766,1.62347034303133,2.30031042691903,2.00778583269776e-41,2.4386566723947e-37,"Mac2_pos"
"Akr1b10",-0.701826120576216,0.112335701150164,0.526200672309024,1.09093580579246e-23,1.32505062971552e-19,"Mac2_pos"
"Papss1",-0.706603518278312,0.137112835130928,0.543599897688228,7.75529974391983e-25,9.41958706896502e-21,"Mac2_pos"
"Rcbtb2",-0.709857786762576,0.20244634334722,0.652399312386706,1.10532709886569e-20,1.34253029428226e-16,"Mac2_pos"
"Mylip",-0.710157902340926,0.0744168834546038,0.475410173344083,1.08482775727959e-18,1.31763179399179e-14,"Mac2_pos"
"Atp6v0b",-0.712526542767926,1.25525103232827,1.92103851607645,3.48303882367423e-38,4.23049895523471e-34,"Mac2_pos"
"Fam212a",-0.71301487037278,0.026698708181846,0.426031691129191,1.21983720770518e-32,1.48161427247871e-28,"Mac2_pos"
"Nrip1",-0.714647266311985,0.14435612942286,0.57944326757189,2.59928346626709e-19,3.15708969812801e-15,"Mac2_pos"
"Sall1",-0.716297196279055,0.0182919833911215,0.431315207752198,1.72764863127119e-28,2.09840202754198e-24,"Mac2_pos"
"Il21r",-0.720514429246425,0.0804514317787831,0.49400665140569,6.35016516191148e-18,7.71291060565768e-14,"Mac2_pos"
"Hvcn1",-0.72155488647213,0.116212613501869,0.561425609186742,4.49896612554354e-14,5.46444425608518e-10,"Mac2_pos"
"Snn",-0.724953808892905,0.0184107041604733,0.442756877962984,2.55983560057562e-31,3.10917632045915e-27,"Mac2_pos"
"Il10rb",-0.726683782200316,0.443648571152008,0.959174181482158,3.54284624605261e-27,4.30314105045551e-23,"Mac2_pos"
"Asph",-0.730307836383546,0.307041808968451,0.832943107278764,1.23116007129954e-24,1.49536702260042e-20,"Mac2_pos"
"St6galnac4",-0.732424616734742,0.0946131669940467,0.522051205997832,7.93962854564408e-19,9.6434728315393e-15,"Mac2_pos"
"Slc15a3",-0.737917404062796,0.258866231459556,0.660118682433203,5.91961269376295e-14,7.18996157784448e-10,"Mac2_pos"
"Otud1",-0.738001237921058,0.0385511468404732,0.34141379662002,7.0432174817283e-10,8.55469195330719e-06,"Mac2_pos"
"Lrrc3",-0.739078155866667,0.0209090420168791,0.441171627975942,5.74235583682492e-33,6.97466539940754e-29,"Mac2_pos"
"Tmem55b",-0.740237319192263,0.402161593025872,0.870110848718137,2.01695035768523e-25,2.44978790444448e-21,"Mac2_pos"
"Tspan7",-0.742670684113418,0.0197053252924174,0.445276384209493,1.5964323612212e-30,1.93902674593927e-26,"Mac2_pos"
"Rasgrp3",-0.742924139505992,0.0381647602048475,0.469954163712393,4.72928972075904e-32,5.74419529483393e-28,"Mac2_pos"
"Mcfd2",-0.745005750927201,0.153962772644515,0.633171910909376,1.99577292775354e-34,2.42406579804945e-30,"Mac2_pos"
"Tspan3",-0.74502124235831,0.224031242451807,0.700098292825356,2.53643393866986e-30,3.08075266190841e-26,"Mac2_pos"
"Snx5",-0.747697283171365,0.814241024292264,1.4333509073038,5.04470112856675e-48,6.12729399075717e-44,"Mac2_pos"
"Cyfip1",-0.749991731947858,0.324542247530507,0.804786437224416,8.79952281308547e-26,1.06879004087736e-21,"Mac2_pos"
"Slc29a1",-0.757029088507295,0.143558093204506,0.598954256959956,2.85698739722083e-24,3.47009689266442e-20,"Mac2_pos"
"Smap2",-0.759753760721749,0.257242093686669,0.758175341643175,7.1877553495479e-33,8.73024764756088e-29,"Mac2_pos"
"Gns",-0.760870058618743,0.127907360312217,0.595117999373819,3.19326470707828e-24,3.87853931321728e-20,"Mac2_pos"
"Cd68",-0.762350454154508,1.12684676090854,1.8710110717174,1.08361331241e-36,1.31615672925319e-32,"Mac2_pos"
"Man1a2",-0.762498683146618,0.157318856090882,0.63501707397419,6.54053490106052e-30,7.94413369082811e-26,"Mac2_pos"
"Gatm",-0.762635104424152,0.205807253153059,0.690861697064565,1.03057153164143e-44,1.25173218233168e-40,"Mac2_pos"
"Son",-0.764142676895149,1.00408593504579,1.66799983502782,1.7180005845742e-26,2.08668351002382e-22,"Mac2_pos"
"Pdlim4",-0.766341688715635,0.0486723053670147,0.488907336865428,4.25569669549539e-32,5.16896920634871e-28,"Mac2_pos"
"Cd84",-0.77297084319686,0.299770803369872,0.814844473837539,8.03617009979754e-18,9.76073220321409e-14,"Mac2_pos"
"Lyn",-0.773908405220344,0.687027018014224,1.32607757648093,1.13609429324626e-21,1.37990012857691e-17,"Mac2_pos"
"Plod1",-0.77466495219932,0.0470577211698434,0.499070992110792,1.10366934770059e-30,1.34051678971714e-26,"Mac2_pos"
"Bin2",-0.777234923038292,0.522505929099007,1.11232838447362,9.7323775601779e-22,1.18209457845921e-17,"Mac2_pos"
"Laptm4a",-0.777509548883821,0.988219885323968,1.75116190482954,1.02185729058977e-34,1.24114786515033e-30,"Mac2_pos"
"Rgs1",-0.781502203882443,0.598489366434884,1.00217039633175,1.61437538161458e-07,0.00196082033850907,"Mac2_pos"
"Thrsp",-0.788423272230015,0.00605567221128998,0.434550851119824,8.98252935909169e-31,1.09101801595528e-26,"Mac2_pos"
"Elmo1",-0.790075068570675,0.241912376906327,0.736876340708321,4.96260028226136e-23,6.02757430283465e-19,"Mac2_pos"
"Nav2",-0.792211119142189,0.0562425248440517,0.516877359526275,1.53665265708476e-25,1.86641831729515e-21,"Mac2_pos"
"Pdia3",-0.793808495869142,1.07331975882473,1.87517318594503,2.14762489221573e-59,2.60850519408522e-55,"Mac2_pos"
"Ppt1",-0.795756249775532,0.518365034250198,1.17281289072213,4.39497138646958e-32,5.33813224600595e-28,"Mac2_pos"
"Cttnbp2nl",-0.795927518839725,0.100948746748234,0.590804078857301,3.50609241685972e-31,4.25849984951781e-27,"Mac2_pos"
"Gpr84",-0.79646909085166,0.0481828408943798,0.514059458496774,1.22993009247935e-21,1.49387309032542e-17,"Mac2_pos"
"Ier5",-0.79714847331437,1.49900053536255,2.16311792431378,6.46847041553711e-21,7.85660416671137e-17,"Mac2_pos"
"Serinc1",-0.797688665903919,0.358671124893601,0.894129963936458,2.90797875695197e-22,3.53203099819386e-18,"Mac2_pos"
"Tpp1",-0.804812208278582,0.147546309717303,0.667720013485415,1.39003900865866e-36,1.68834137991681e-32,"Mac2_pos"
"Pld4",-0.806334167232359,1.26013643462293,1.98949404407085,5.42247905156375e-44,6.58614305602933e-40,"Mac2_pos"
"Dhrs3",-0.806740685508585,0.19108203341108,0.710497967207175,1.49446660176203e-28,1.81517913450016e-24,"Mac2_pos"
"Tmem100",-0.810489428195097,0.0156509423587802,0.46383143678504,1.53664257090448e-28,1.86640606662058e-24,"Mac2_pos"
"Il6ra",-0.811311249472233,0.369527879874445,0.963484498283853,1.81630865716835e-21,2.20608849499668e-17,"Mac2_pos"
"Mid1ip1",-0.815582357768066,0.21125978908286,0.70133076542601,2.21412020036625e-24,2.68927039536485e-20,"Mac2_pos"
"Rnaset2a",-0.820424577606917,0.439959596607497,1.07884269347941,1.52205871131061e-37,1.84869251075787e-33,"Mac2_pos"
"Lpar6",-0.82174827468247,0.271784445043327,0.789810679005324,9.19468581444231e-15,1.11678653902216e-10,"Mac2_pos"
"Calm2",-0.822104214138909,1.49524307016801,2.28011140675064,3.82702798402136e-49,4.64830818939234e-45,"Mac2_pos"
"Atraid",-0.822217554244874,0.421717830243412,1.03680331098343,1.094383149934e-35,1.32923777390984e-31,"Mac2_pos"
"Sipa1",-0.825254978548265,0.202714281620582,0.750653849422217,5.26955707572095e-25,6.40040402417066e-21,"Mac2_pos"
"Slc29a3",-0.826551037567575,0.200952039740679,0.714581880680444,8.88890370882968e-27,1.07964624447445e-22,"Mac2_pos"
"Stab1",-0.826823271334881,0.0521630446385992,0.570169602763666,9.40510036096537e-38,1.14234348984285e-33,"Mac2_pos"
"Edem2",-0.829762859783024,0.28105850692786,0.850537529957893,5.49525298476506e-30,6.67453427529564e-26,"Mac2_pos"
"Cd53",-0.837880974934937,1.5508603607285,2.33771673768531,7.3460244268378e-41,8.9224812688372e-37,"Mac2_pos"
"Hpgd",-0.839098681726346,0.517255159746946,1.33859363453311,3.17532042843635e-31,3.85674419237879e-27,"Mac2_pos"
"Csnk1e",-0.844105360434254,0.198109586284235,0.767752893180493,8.80145083504945e-34,1.06902421842511e-29,"Mac2_pos"
"Tspan14",-0.84739414337155,0.210306009924841,0.786817408049018,5.04238690204217e-29,6.12448313122042e-25,"Mac2_pos"
"Tanc2",-0.847877756887841,0.024679706522641,0.524514400534361,2.24246992813308e-36,2.72370397471044e-32,"Mac2_pos"
"Acox3",-0.84890649313586,0.162258295311187,0.594033124213488,3.28012857102088e-19,3.98404416236196e-15,"Mac2_pos"
"Frmd4b",-0.851564621293031,0.0809394385925514,0.579117245206382,2.21867451378848e-22,2.69480206444749e-18,"Mac2_pos"
"Ccl12",-0.867616097788166,0.137306752249472,0.571519717371508,3.74045082751306e-23,4.54315157509736e-19,"Mac2_pos"
"Lpcat3",-0.869480208006895,0.151196581726495,0.734865885552578,4.74488114853354e-27,5.76313264300883e-23,"Mac2_pos"
"Qk",-0.873503984495999,0.283609503892827,0.898871940302482,7.03250230777216e-36,8.54167730302007e-32,"Mac2_pos"
"Cadm1",-0.874072677885943,0.101912348701601,0.677467161423655,1.95788204623933e-38,2.37804353336229e-34,"Mac2_pos"
"Tmem37",-0.875998189585094,0.0527503660131906,0.575923994000727,3.4344289803803e-34,4.17145743956991e-30,"Mac2_pos"
"Vgll4",-0.877095583507458,0.217541203934533,0.714910213213863,3.14348283527311e-16,3.81807425172271e-12,"Mac2_pos"
"Tmem59",-0.878294844554323,1.10063659391046,1.92731940738827,2.43107529283631e-58,2.95278405067898e-54,"Mac2_pos"
"Phgdh",-0.879444741296929,0.0876643925988086,0.60623188829667,1.96179170939997e-41,2.3827922102372e-37,"Mac2_pos"
"Cd34",-0.881348437795613,0.0474492394557914,0.584623807060352,1.46890044585868e-37,1.78412648153995e-33,"Mac2_pos"
"Sgce",-0.882789398754039,0.016612068559339,0.549915839311879,3.23207784311667e-38,3.92568174824951e-34,"Mac2_pos"
"P4ha1",-0.882823362023345,0.110827060589293,0.655627181919893,7.67392660086519e-30,9.32075124941086e-26,"Mac2_pos"
"Zfhx3",-0.883264704123024,0.191041297807204,0.750034208642442,1.05776591454893e-31,1.28476247981113e-27,"Mac2_pos"
"Slc16a6",-0.884835440581477,0.0624706046984348,0.611590640635888,4.8510188434707e-36,5.89204748727951e-32,"Mac2_pos"
"Lamp1",-0.889587158279113,1.46470874193177,2.53436414832781,5.29846161446674e-58,6.4355114769313e-54,"Mac2_pos"
"Man2b1",-0.892877100273907,0.617669407447182,1.32019720609883,3.87976213760138e-35,4.71235909233063e-31,"Mac2_pos"
"Pag1",-0.893538736788785,0.198293195302594,0.798206736776213,3.45387519039063e-20,4.19507680624846e-16,"Mac2_pos"
"Mtdh",-0.89366988711841,0.816642588778694,1.56992999466982,2.75767364665622e-48,3.34947041122865e-44,"Mac2_pos"
"Blnk",-0.894312490998236,0.113152094417868,0.687789700516321,9.18274993919731e-40,1.1153368076149e-35,"Mac2_pos"
"Ntpcr",-0.894985402784708,0.156725935600041,0.744115892125221,8.30544126635979e-42,1.00877889621206e-37,"Mac2_pos"
"Hmha1",-0.899999045967326,0.690478334861851,1.4109903464283,4.05779133811898e-29,4.92859335927932e-25,"Mac2_pos"
"Gpr183",-0.900258563234592,0.239913803068464,0.846691779018158,4.51939232935706e-30,5.48925392323708e-26,"Mac2_pos"
"Adgre1",-0.901866242923942,0.292037451934479,0.961988890166009,1.33894393520424e-31,1.62628130369907e-27,"Mac2_pos"
"Ppcdc",-0.908727643240061,0.0793267591544447,0.645328091372177,1.09784246093647e-27,1.33343945305344e-23,"Mac2_pos"
"Tmem173",-0.91003238504131,0.178319806452979,0.784976809673287,3.90374058201012e-35,4.7414833109095e-31,"Mac2_pos"
"F11r",-0.912398485113862,0.0899571362513956,0.667830250008622,1.02495570611279e-32,1.2449112006446e-28,"Mac2_pos"
"Fez2",-0.922369195286632,0.0883482943611361,0.685074584081561,2.60035399244048e-38,3.1583899592182e-34,"Mac2_pos"
"Klk8",-0.9253010564911,0.0764623338182803,0.65295980354263,1.41211132953909e-35,1.71515042085818e-31,"Mac2_pos"
"Tspan4",-0.925758718837585,0.0529491903822712,0.646257342217484,9.94329586849789e-44,1.20771271618775e-39,"Mac2_pos"
"Ifngr1",-0.926568901402644,1.33406514074379,2.28619675089479,2.19062965316241e-29,2.66073877673106e-25,"Mac2_pos"
"Gtf2h2",-0.926744558248941,0.0850461549882878,0.674330860832872,2.92216581777604e-36,3.54926260227078e-32,"Mac2_pos"
"Ctc1",-0.928471490948193,0.0683778810538505,0.650826963622338,1.50438980201168e-33,1.82723185352339e-29,"Mac2_pos"
"Usp2",-0.930108124795648,0.036653116963644,0.600843673720049,1.04235838514724e-34,1.26604849459983e-30,"Mac2_pos"
"PISD",-0.931556296693998,0.229878324833168,0.896082931422406,7.56797431574702e-29,9.19206160390633e-25,"Mac2_pos"
"Pros1",-0.93401199928526,0.0837430952689483,0.686839155808475,1.38523128672616e-36,1.68250192085759e-32,"Mac2_pos"
"Fam105a",-0.935044595291457,0.849287784979188,1.70103484404785,2.28707952647242e-45,2.7778867928534e-41,"Mac2_pos"
"Cxxc5",-0.942960421033013,0.0700267119476956,0.650931171791889,2.25121106970139e-35,2.73432096525931e-31,"Mac2_pos"
"Kctd12",-0.945648148325352,0.553622325859723,1.28610433010987,4.92722739944131e-40,5.98461039936142e-36,"Mac2_pos"
"Mertk",-0.946421666995287,0.0237704864121901,0.596584564691071,2.06744055344795e-32,2.51111329621788e-28,"Mac2_pos"
"Rin2",-0.947811022289282,0.0772367390506574,0.698122348772693,8.20091271366956e-28,9.96082858202305e-24,"Mac2_pos"
"Mef2a",-0.948128369089629,0.44771967566046,1.21194902175826,1.41845805467676e-34,1.72285915321039e-30,"Mac2_pos"
"Upk1b",-0.949614748430229,0.00936826858812909,0.54658679753122,3.82192568896028e-27,4.64211094181116e-23,"Mac2_pos"
"Entpd1",-0.950238174753709,0.172428883420105,0.800196713260206,7.20675259478583e-31,8.75332170162687e-27,"Mac2_pos"
"Xist",-0.951892189684727,1.79653884968514,2.73584082565582,7.50288880859481e-59,9.11300874691925e-55,"Mac2_pos"
"Asah1",-0.959082442943115,0.749688560596076,1.6070844266769,6.66397068707689e-43,8.09405879652359e-39,"Mac2_pos"
"Pmepa1",-0.969249278338684,0.0468199400691935,0.650282668514745,6.2160623544249e-50,7.55002933568449e-46,"Mac2_pos"
"Tbxas1",-0.970481576970002,0.212003794528615,0.882434675752458,3.69462809756973e-36,4.4874952873082e-32,"Mac2_pos"
"Ctsb",-0.971633276409831,1.72970760791485,3.05285282515273,1.20189863902029e-63,1.45982608695405e-59,"Mac2_pos"
"Gas6",-0.979807405300042,0.0367452774498771,0.659215587903165,3.5471674367985e-43,4.30838956873546e-39,"Mac2_pos"
"Ivns1abp",-0.980725610044423,0.232016067710259,0.912671049318866,6.91765866476243e-48,8.40218821422045e-44,"Mac2_pos"
"Susd3",-0.988499401817115,0.494308281983397,1.28711514858133,4.40955589999948e-34,5.35584659613936e-30,"Mac2_pos"
"Rnaset2b",-0.98946850575701,0.354807744607523,1.11248298939348,2.79417958594606e-44,3.39381052509009e-40,"Mac2_pos"
"Hes1",-0.991635224578523,0.195859130168262,0.643517510624494,2.79686941453528e-08,0.000339707759089455,"Mac2_pos"
"Cfh",-0.992275965259349,0.134542544440929,0.794086086120875,2.66892824770513e-41,3.24168024966266e-37,"Mac2_pos"
"Ctsa",-0.99644990000167,0.985595784130552,1.9985466970089,5.87902632188679e-52,7.1406653705637e-48,"Mac2_pos"
"Ckb",-0.997609595280907,0.986125831864371,2.07262110991263,7.02091047562185e-99,8.5275978636903e-95,"Mac2_pos"
"0610040J01Rik",-0.999147927294833,0.0640718125384255,0.709374215069106,5.94789051537218e-33,7.22430781997104e-29,"Mac2_pos"
"Epb41l2",-1.00267303812082,0.146013135016308,0.848119915437021,2.84872092754807e-47,3.46005643859989e-43,"Mac2_pos"
"Atp2c1",-1.00939106596299,0.174094917415466,0.681955414523878,1.31339956808094e-16,1.59525511539111e-12,"Mac2_pos"
"Adap2",-1.01179509391625,0.0889374525333155,0.735653460820779,1.27422748358523e-31,1.54767670156262e-27,"Mac2_pos"
"Tpst2",-1.01300329360065,0.324837111417943,1.11900011708374,1.08020095772285e-35,1.31201208325018e-31,"Mac2_pos"
"Ang",-1.01333795856016,0.0707161560276339,0.732058289248668,8.97265383712287e-38,1.08981853505694e-33,"Mac2_pos"
"Ssh2",-1.01715489950034,0.371269107043339,1.12020851132228,2.34590490560533e-25,2.84933609834823e-21,"Mac2_pos"
"Malat1",-1.02484036690325,4.8568470521744,5.86484022396031,1.65365868278148e-62,2.00853383610638e-58,"Mac2_pos"
"Cd63",-1.03088605760747,0.473072605443421,1.73314690973175,2.11033597564514e-62,2.56321407601859e-58,"Mac2_pos"
"Adap2os",-1.03365042570341,0.071187907348661,0.741160398852711,4.39927573491142e-36,5.34336030762341e-32,"Mac2_pos"
"Adora3",-1.03949733326809,0.0378698278539207,0.680096379899529,1.29312462864705e-38,1.5706291739547e-34,"Mac2_pos"
"Slc1a3",-1.05700877309205,0.0173235872003351,0.661440357917351,7.82750382424673e-41,9.50728614493008e-37,"Mac2_pos"
"Jun",-1.05915702927816,1.31712408540763,2.39420684023265,3.40820504914871e-34,4.13960585269602e-30,"Mac2_pos"
"Serpine1",-1.06151532099268,0.0158694876802122,0.307994120500516,3.94722262270833e-12,4.79429659754153e-08,"Mac2_pos"
"Dusp6",-1.07055500791661,0.233515138406051,1.04705402435851,1.71057461633183e-25,2.07766392899664e-21,"Mac2_pos"
"Cd164",-1.07056273267474,0.16714893749902,0.909915754945209,1.60368535037623e-32,1.94783622656697e-28,"Mac2_pos"
"Laptm5",-1.07240946126256,1.83417539501787,2.89468799233818,1.0885695300945e-108,1.32217655125278e-104,"Mac2_pos"
"Irf8",-1.0738334673932,0.562909081175599,1.69096941646295,1.03335894225859e-53,1.25511777126728e-49,"Mac2_pos"
"Rrbp1",-1.0749854136115,0.783110414157532,1.76109381312922,4.91431345904596e-59,5.96892512735722e-55,"Mac2_pos"
"Txnip",-1.07583013285612,0.479978941786516,1.21977717311888,1.23902337684285e-16,1.50491779351333e-12,"Mac2_pos"
"Bsg",-1.08140051612249,0.8282428834643,1.71703934442948,6.8107645107952e-60,8.27235457481185e-56,"Mac2_pos"
"Rnf13",-1.08956766701016,0.42372385327719,1.29825491959343,2.9548464001502e-51,3.58895643762244e-47,"Mac2_pos"
"Tmcc3",-1.09242861342205,0.161170985550715,0.937128528714377,1.03345586207029e-38,1.25523549007057e-34,"Mac2_pos"
"Ophn1",-1.09404645025666,0.02931006585232,0.754495789517793,6.7508084551869e-46,8.19953194967001e-42,"Mac2_pos"
"Aif1",-1.09757891991955,0.96338001071794,2.15162611457944,3.20047750179513e-89,3.88729997368037e-85,"Mac2_pos"
"Fgd2",-1.1047305189369,0.277369091274051,1.11357798681575,8.89716464989707e-42,1.0806496183765e-37,"Mac2_pos"
"Gna15",-1.10508796791317,0.172667111213697,0.947647275862635,4.73984349889006e-50,5.75701391375186e-46,"Mac2_pos"
"Adamts1",-1.10587066774971,0.0399727369599622,0.384113823753943,8.86010006619189e-11,1.07614775403967e-06,"Mac2_pos"
"Ctsz",-1.11219524022591,1.57729416084045,2.80919475672135,2.27143160937201e-109,2.75888083274325e-105,"Mac2_pos"
"Scamp2",-1.12238809974556,0.478825008824435,1.38190869666386,3.004650621442e-56,3.64944864480345e-52,"Mac2_pos"
"Fcgr1",-1.13159224480338,0.340165222233572,1.33507387149859,4.31048019453638e-52,5.23550924428388e-48,"Mac2_pos"
"P2ry6",-1.1383525722188,0.324624320785766,1.19876019927119,2.01301208897855e-54,2.44500448327335e-50,"Mac2_pos"
"Comt",-1.14516599411774,0.43073830829795,1.36510164591793,1.39965270906786e-65,1.70001818043382e-61,"Mac2_pos"
"Gem",-1.1594323818043,0.0641369200484339,0.60746236073253,9.44042550102116e-17,1.14663408135403e-12,"Mac2_pos"
"Adrb2",-1.16113170892168,0.231882928918964,1.0307093910269,8.80217024085725e-30,1.06911159745452e-25,"Mac2_pos"
"Saraf",-1.1664300803996,0.523721934506942,1.56184305769016,5.72061324081013e-70,6.94825684228798e-66,"Mac2_pos"
"Cd37",-1.17640173070397,0.409810702065116,1.3904106843649,1.64208932901709e-50,1.99448169902416e-46,"Mac2_pos"
"Arhgap5",-1.17948788488574,0.125302682912704,0.941201446104037,1.72767235322282e-46,2.09843084022444e-42,"Mac2_pos"
"Golm1",-1.18138311309157,0.0828791755610062,0.866503559966719,9.15871183134564e-49,1.11241713903524e-44,"Mac2_pos"
"Srgap2",-1.18975866204028,0.124924614796848,0.953161111757135,1.31145975768729e-45,1.59289902168698e-41,"Mac2_pos"
"Lrba",-1.1904958340863,0.0313978113441579,0.783502665135882,5.0450956855335e-44,6.12777321964898e-40,"Mac2_pos"
"Cyth4",-1.19273011653752,0.470956324887339,1.49094421590952,5.39774961948071e-62,6.55610668782127e-58,"Mac2_pos"
"Abi3",-1.19342021400594,0.437279378175667,1.53879771572054,6.90569046129532e-40,8.38765163428929e-36,"Mac2_pos"
"Rab3il1",-1.19679055355979,0.085729976586906,0.936924908757879,2.20319828868618e-59,2.67600464143824e-55,"Mac2_pos"
"Hexa",-1.19875177515284,1.12979408777922,2.34405112807247,3.4844084941539e-95,4.23216255699933e-91,"Mac2_pos"
"Rhoh",-1.20476848146184,0.160695798232064,1.01723465547169,1.05138119842253e-44,1.27700760360401e-40,"Mac2_pos"
"Ccr5",-1.21521503529978,0.298771748524862,1.22046849148658,1.79037002801738e-42,2.17458343602991e-38,"Mac2_pos"
"Cd9",-1.2311825432955,1.44770751459541,2.93875519013244,4.81672755671632e-83,5.85039729038764e-79,"Mac2_pos"
"Cebpa",-1.23413656737498,0.181601916244269,1.01314034415674,3.26006940221542e-34,3.95968029593085e-30,"Mac2_pos"
"Anxa3",-1.23430149618552,0.406420605498651,1.55292078615537,5.70563255042882e-71,6.93006129575085e-67,"Mac2_pos"
"Frmd4a",-1.23550798042165,0.088635224014223,0.943539806197065,6.78217472269027e-48,8.2376294181796e-44,"Mac2_pos"
"Unc93b1",-1.23769904577618,1.16279308637907,2.44871910719366,2.17209163966462e-88,2.63822250553665e-84,"Mac2_pos"
"Sirpa",-1.24461691719106,0.446314737254532,1.53544879067594,2.32227204222415e-56,2.82063162248545e-52,"Mac2_pos"
"Timp2",-1.24676732420032,0.354021370635508,1.47553249648924,6.48016416722403e-74,7.87080739751031e-70,"Mac2_pos"
"Marcks",-1.25466353886459,0.813256051645622,2.09266487285427,9.82682984655075e-96,1.19356675316205e-91,"Mac2_pos"
"Ctsf",-1.26133440795366,0.0343038626413559,0.91803526877295,7.5965361227325e-54,9.22675277467089e-50,"Mac2_pos"
"Daglb",-1.26553894167918,0.176118939502799,1.16210862900931,2.70377609078324e-58,3.28400643986533e-54,"Mac2_pos"
"Tcn2",-1.27035519488264,0.275757593706926,1.32253948525778,7.81070225073145e-54,9.48687895373842e-50,"Mac2_pos"
"Maf",-1.27547765947797,0.0984288199774208,1.01521744690488,1.14285472081918e-50,1.38811134390698e-46,"Mac2_pos"
"Grn",-1.2763700203586,1.21544008293353,2.59564996878936,7.21768419572615e-117,8.76659922412899e-113,"Mac2_pos"
"Itm2b",-1.28121348436302,2.83873481532461,4.23071510808868,2.10097034567167e-174,2.55183858185281e-170,"Mac2_pos"
"Itm2c",-1.28381843853002,0.771016084651629,2.02670355612963,9.00689713513334e-93,1.0939777260333e-88,"Mac2_pos"
"Basp1",-1.28959371405679,0.353790960432787,1.51270705929194,4.71420940603097e-83,5.72587874456521e-79,"Mac2_pos"
"Ly86",-1.30460008305212,1.30412522200679,2.71743219827226,1.87199609754999e-126,2.27372646008421e-122,"Mac2_pos"
"Cmtm6",-1.31032231423422,0.354427508983206,1.44964509270463,2.96308190097621e-59,3.5989592769257e-55,"Mac2_pos"
"Trf",-1.31512781487849,0.893503414305141,2.31491490273134,6.44266566379165e-99,7.82526171524134e-95,"Mac2_pos"
"Slco2b1",-1.32664305554339,0.0355645663909771,0.970544435905388,2.90294261772995e-61,3.52591410349479e-57,"Mac2_pos"
"Pla2g15",-1.34586622915769,0.0850394478537754,1.06625210744246,3.96042923117364e-57,4.8103373441835e-53,"Mac2_pos"
"Tmem86a",-1.34729158367001,0.087555761800656,1.10995868701664,6.22914962803958e-57,7.56592513821687e-53,"Mac2_pos"
"Adgrg1",-1.35072924407876,0.0247301023996978,0.98237466020634,4.39667460198536e-67,5.34020097157141e-63,"Mac2_pos"
"Sft2d1",-1.36832655929884,0.591524378346635,1.81935950394088,1.43321118725125e-85,1.74077830803537e-81,"Mac2_pos"
"Smad7",-1.36861745366827,0.235320187861206,1.14446755102258,6.740429394951e-43,8.18692554310748e-39,"Mac2_pos"
"Ctss",-1.37266344655588,2.78245099403686,4.32670913863746,2.60280588082231e-131,3.16136802284677e-127,"Mac2_pos"
"Syngr1",-1.42232713540513,0.12581037361014,1.35564413687244,4.66372874234782e-87,5.66456493045566e-83,"Mac2_pos"
"St3gal6",-1.42891883594547,0.148793732263788,1.27033687614731,6.63305198973372e-63,8.05650494673057e-59,"Mac2_pos"
"Mef2c",-1.43631028667527,0.607128279971321,1.92764077430901,2.65170905659493e-79,3.2207658201402e-75,"Mac2_pos"
"Lair1",-1.465662612549,0.386846287337425,1.78950726464367,1.30035133483676e-65,1.57940673129272e-61,"Mac2_pos"
"Scoc",-1.48650953198687,0.145186782778933,1.32379930825448,9.92262322682932e-75,1.20520181713069e-70,"Mac2_pos"
"Bin1",-1.49716326313598,0.514840220383176,1.89724479997059,1.29021424392986e-100,1.5670942206772e-96,"Mac2_pos"
"Sgk1",-1.52757847664009,0.24197493025223,1.33331845146812,3.16396517410181e-40,3.84295210046406e-36,"Mac2_pos"
"Pmp22",-1.5427225623544,0.0889013828319886,1.33077299587015,3.49687378257851e-86,4.24730289631985e-82,"Mac2_pos"
"Abhd12",-1.58642526065031,0.475794951853447,2.01990541231091,3.78963002443513e-100,4.60288462767891e-96,"Mac2_pos"
"Serinc3",-1.59549779119981,0.538764957177172,2.0991045575164,5.09116636770796e-108,6.18373067021808e-104,"Mac2_pos"
"Camk1",-1.6019967612542,0.276103999313747,1.69377397316228,7.62283511493019e-109,9.25869553059421e-105,"Mac2_pos"
"Hk2",-1.60706133429288,0.266860626681048,1.21407848442538,1.94796774132913e-40,2.36600161861836e-36,"Mac2_pos"
"Rgs10",-1.62100337445092,0.91642232078031,2.58650309631992,1.42736048154375e-174,1.73367204088304e-170,"Mac2_pos"
"Fcgr3",-1.63549090464477,0.913405142065083,2.68049174257058,2.83872240387119e-131,3.44791223174195e-127,"Mac2_pos"
"Tgfbr1",-1.64045002160531,0.240998344376643,1.71466660672417,3.93199444666832e-84,4.77580045492334e-80,"Mac2_pos"
"Lag3",-1.64535580100708,0.0851565439376376,1.36103774496693,1.24311326506316e-79,1.50988537174571e-75,"Mac2_pos"
"Fscn1",-1.65743722428001,0.0823891610076478,1.57320294539114,1.42949370138211e-107,1.73626304969871e-103,"Mac2_pos"
"Ecscr",-1.67702879898339,0.0443306408174549,1.32768897542559,2.43808955775834e-81,2.96130357685329e-77,"Mac2_pos"
"Sox4",-1.68467693675017,0.0444006793347678,1.01080238196123,4.12642790157031e-51,5.0119593292473e-47,"Mac2_pos"
"Plxdc2",-1.69856657983031,0.0845799941098255,1.4729379126749,1.20764065747477e-88,1.46680034256885e-84,"Mac2_pos"
"Vsir",-1.72047142127882,0.755952610911191,2.48869111188332,2.08668448091166e-115,2.5344869705153e-111,"Mac2_pos"
"Ttr",-1.72141498533271,0.265067300659866,0.0384265689221452,9.24234838594094e-22,1.12257563495639e-17,"Mac2_pos"
"Ldhb",-1.72476338348868,0.147179468035209,1.66035966601079,2.51469158481514e-105,3.05434439891647e-101,"Mac2_pos"
"Hpgds",-1.74856329337181,0.182622854873099,1.72759363838546,1.19585908971537e-99,1.45249045036828e-95,"Mac2_pos"
"Crybb1",-1.85504390009358,0.0849860796789912,1.54696802244022,9.86415715582278e-91,1.19810052814623e-86,"Mac2_pos"
"Glul",-1.86907022648006,0.322046252259073,2.00274700536119,2.65244633297809e-113,3.22166131603518e-109,"Mac2_pos"
"Slc2a5",-1.91756078330825,0.0239704860657746,1.49856046439092,9.30694777374225e-85,1.13042187659873e-80,"Mac2_pos"
"Cst3",-1.9592995262228,4.10307088003406,6.34212688503325,9.46748394868768e-200,1.14992060040761e-195,"Mac2_pos"
"Itgb5",-1.99641383612228,0.202526867219336,2.10873557746123,4.98321277195751e-140,6.05261023281959e-136,"Mac2_pos"
"Ptgs1",-1.99715011449268,0.0826001616573659,1.79349435988311,5.7573929018163e-122,6.99292941854607e-118,"Mac2_pos"
"Serpine2",-2.04013636590835,0.0927063697538074,1.89272255041129,5.14724753872681e-115,6.25184686053759e-111,"Mac2_pos"
"Selplg",-2.04097070694475,1.43878847320147,3.45900695644548,1.09207225782536e-210,1.32643096435469e-206,"Mac2_pos"
"Rhob",-2.04382093210981,0.268212383756854,2.1687308459616,4.52625292075609e-104,5.49758679755034e-100,"Mac2_pos"
"Rnase4",-2.0642753271439,0.151649841313978,2.00194643490279,7.07218504181861e-124,8.58987595179288e-120,"Mac2_pos"
"Ptgds",-2.06574265771036,0.094685491101085,0.0767629431631225,1.74576075116325e-06,0.0212040100836288,"Mac2_pos"
"Lpcat2",-2.06824507330643,0.427073745224995,2.45364754208861,1.66011464952189e-153,2.01637525330929e-149,"Mac2_pos"
"Ltc4s",-2.07651068145142,0.0810132785320321,1.84891941430806,4.5304424458402e-113,5.50267539471751e-109,"Mac2_pos"
"Ctsl",-2.09022822002723,0.350235206817078,2.60568789711649,1.78796912403776e-163,2.17166729805626e-159,"Mac2_pos"
"Cx3cr1",-2.15470727480666,0.511395623555917,2.7799178512016,3.35717666339512e-153,4.07762677535971e-149,"Mac2_pos"
"Csf1r",-2.16815212789892,0.767405694935908,3.104053221206,4.40959628522114e-199,5.3558956480296e-195,"Mac2_pos"
"Mafb",-2.18822845604517,0.247223868835066,2.12657954786982,1.30799435612484e-84,1.58868994494923e-80,"Mac2_pos"
"Sepp1",-2.24472894792737,0.835936728541964,3.33825604809453,2.06391951843362e-215,2.50683664708947e-211,"Mac2_pos"
"P2ry13",-2.29590985148923,0.0482070388151162,2.0237004553816,2.50229647344991e-114,3.03928929665226e-110,"Mac2_pos"
"Trem2",-2.36290051252101,0.46455201893928,3.17172682261465,1.60714955559453e-189,1.95204385022512e-185,"Mac2_pos"
"Siglech",-2.42590079299264,0.0914117391533361,2.31702891015735,5.7303528714428e-139,6.96008659765442e-135,"Mac2_pos"
"C1qb",-2.58072865354151,0.699679213822311,4.31318685833294,2.22503235473632e-233,2.70252429806273e-229,"Mac2_pos"
"Ctsd",-2.61503416759856,1.12570689813841,4.54501901169308,5.52325251866171e-253,6.70854250916651e-249,"Mac2_pos"
"Olfml3",-2.71708280177118,0.13681486685651,2.77973382576534,4.8508604184055e-165,5.89185506419532e-161,"Mac2_pos"
"Fcrls",-2.74007200749719,0.236197904822524,3.01326700662605,4.97588932967976e-159,6.04371517982903e-155,"Mac2_pos"
"Lgmn",-2.76052766521839,0.815845229206801,3.99251044243368,2.23609507908203e-262,2.71596108305303e-258,"Mac2_pos"
"C1qc",-2.80898427115207,0.558618875367727,4.27333296089585,1.11219439667716e-247,1.35087131420408e-243,"Mac2_pos"
"Cd81",-2.82442320688402,0.466850280621516,3.75404760040939,1.55865757048184e-278,1.89314548510725e-274,"Mac2_pos"
"C1qa",-2.87507747892083,0.587052677113011,4.5063229087101,5.84769183093442e-241,7.10260649785295e-237,"Mac2_pos"
"Gpr34",-2.90022020001002,0.157419610714101,3.00387719195004,6.01043528174847e-167,7.30027469321169e-163,"Mac2_pos"
"Sparc",-3.03336527128782,0.169077210086634,3.37170848025463,8.45430905407277e-208,1.02686037770768e-203,"Mac2_pos"
"Tmem119",-3.15697548485729,0.102748964357445,3.16065565311973,2.73578921161579e-161,3.32288957642854e-157,"Mac2_pos"
"Hexb",-3.18366026243332,1.2784700447186,4.91481103487597,0,0,"Mac2_pos"
"P2ry12",-3.50929235980732,0.158538593964135,3.70215078322035,2.56927984873995e-171,3.12064730427954e-167,"Mac2_pos"
